frac_flagged,frac_captured,horizon,model,level
3.104047678172337e-05,0.0,1,altman_zdp,window
0.010119195430841818,0.016666666666666666,1,altman_zdp,window
0.02020735038490191,0.03333333333333333,1,altman_zdp,window
0.03032654581574373,0.05,1,altman_zdp,window
0.04041470076980382,0.11666666666666667,1,altman_zdp,window
0.05053389620064564,0.15,1,altman_zdp,window
0.06062205115470574,0.23333333333333334,1,altman_zdp,window
0.07071020610876583,0.3,1,altman_zdp,window
0.08082940153960765,0.36666666666666664,1,altman_zdp,window
0.09091755649366774,0.38333333333333336,1,altman_zdp,window
0.10103675192450956,0.4,1,altman_zdp,window
0.11112490687856966,0.4166666666666667,1,altman_zdp,window
0.12121306183262975,0.4666666666666667,1,altman_zdp,window
0.13133225726347156,0.5,1,altman_zdp,window
0.14142041221753165,0.5166666666666667,1,altman_zdp,window
0.1515396076483735,0.55,1,altman_zdp,window
0.16162776260243358,0.5666666666666667,1,altman_zdp,window
0.17171591755649368,0.5833333333333334,1,altman_zdp,window
0.18183511298733548,0.65,1,altman_zdp,window
0.19192326794139558,0.7333333333333333,1,altman_zdp,window
0.20204246337223739,0.7833333333333333,1,altman_zdp,window
0.21213061832629748,0.7833333333333333,1,altman_zdp,window
0.22221877328035758,0.8,1,altman_zdp,window
0.2323379687111994,0.8333333333333334,1,altman_zdp,window
0.2424261236652595,0.85,1,altman_zdp,window
0.25254531909610134,0.85,1,altman_zdp,window
0.2626334740501614,0.85,1,altman_zdp,window
0.2727216290042215,0.8833333333333333,1,altman_zdp,window
0.2828408244350633,0.9,1,altman_zdp,window
0.29292897938912343,0.9,1,altman_zdp,window
0.3030481748199652,0.9166666666666666,1,altman_zdp,window
0.31313632977402533,0.9166666666666666,1,altman_zdp,window
0.3232244847280854,0.9166666666666666,1,altman_zdp,window
0.33334368015892724,0.9333333333333333,1,altman_zdp,window
0.34343183511298736,0.9333333333333333,1,altman_zdp,window
0.35355103054382914,0.9333333333333333,1,altman_zdp,window
0.36363918549788926,0.9333333333333333,1,altman_zdp,window
0.37372734045194933,0.9333333333333333,1,altman_zdp,window
0.38384653588279116,0.9333333333333333,1,altman_zdp,window
0.39393469083685123,0.9333333333333333,1,altman_zdp,window
0.40405388626769306,0.95,1,altman_zdp,window
0.4141420412217532,0.9666666666666667,1,altman_zdp,window
0.42423019617581326,0.9666666666666667,1,altman_zdp,window
0.4343493916066551,0.9666666666666667,1,altman_zdp,window
0.44443754656071516,0.9666666666666667,1,altman_zdp,window
0.454556741991557,0.9666666666666667,1,altman_zdp,window
0.46464489694561706,0.9666666666666667,1,altman_zdp,window
0.4747330518996772,0.9666666666666667,1,altman_zdp,window
0.484852247330519,0.9666666666666667,1,altman_zdp,window
0.4949404022845791,0.9666666666666667,1,altman_zdp,window
0.5050595977154209,0.9666666666666667,1,altman_zdp,window
0.515147752669481,0.9666666666666667,1,altman_zdp,window
0.5252669481003228,0.9666666666666667,1,altman_zdp,window
0.5353551030543829,0.9666666666666667,1,altman_zdp,window
0.545443258008443,0.9666666666666667,1,altman_zdp,window
0.5555624534392848,0.9833333333333333,1,altman_zdp,window
0.5656506083933449,0.9833333333333333,1,altman_zdp,window
0.5757698038241867,0.9833333333333333,1,altman_zdp,window
0.5858579587782469,0.9833333333333333,1,altman_zdp,window
0.5959461137323069,0.9833333333333333,1,altman_zdp,window
0.6060653091631487,0.9833333333333333,1,altman_zdp,window
0.6161534641172088,0.9833333333333333,1,altman_zdp,window
0.6262726595480507,0.9833333333333333,1,altman_zdp,window
0.6363608145021108,0.9833333333333333,1,altman_zdp,window
0.6464489694561708,0.9833333333333333,1,altman_zdp,window
0.6565681648870126,0.9833333333333333,1,altman_zdp,window
0.6666563198410728,1.0,1,altman_zdp,window
0.6767755152719146,1.0,1,altman_zdp,window
0.6868636702259747,1.0,1,altman_zdp,window
0.6969518251800347,1.0,1,altman_zdp,window
0.7070710206108766,1.0,1,altman_zdp,window
0.7171591755649367,1.0,1,altman_zdp,window
0.7272783709957785,1.0,1,altman_zdp,window
0.7373665259498385,1.0,1,altman_zdp,window
0.7474546809038987,1.0,1,altman_zdp,window
0.7575738763347405,1.0,1,altman_zdp,window
0.7676620312888006,1.0,1,altman_zdp,window
0.7777812267196424,1.0,1,altman_zdp,window
0.7878693816737025,1.0,1,altman_zdp,window
0.7979575366277626,1.0,1,altman_zdp,window
0.8080767320586044,1.0,1,altman_zdp,window
0.8181648870126645,1.0,1,altman_zdp,window
0.8282840824435064,1.0,1,altman_zdp,window
0.8383722373975664,1.0,1,altman_zdp,window
0.8484603923516265,1.0,1,altman_zdp,window
0.8585795877824683,1.0,1,altman_zdp,window
0.8686677427365285,1.0,1,altman_zdp,window
0.8787869381673703,1.0,1,altman_zdp,window
0.8888750931214303,1.0,1,altman_zdp,window
0.8989632480754904,1.0,1,altman_zdp,window
0.9090824435063323,1.0,1,altman_zdp,window
0.9191705984603924,1.0,1,altman_zdp,window
0.9292897938912341,1.0,1,altman_zdp,window
0.9393779488452942,1.0,1,altman_zdp,window
0.9494661037993544,1.0,1,altman_zdp,window
0.9595852992301962,1.0,1,altman_zdp,window
0.9696734541842563,1.0,1,altman_zdp,window
0.979792649615098,1.0,1,altman_zdp,window
0.9898808045691582,1.0,1,altman_zdp,window
1.0,1.0,1,altman_zdp,window
0.0002948982601002654,0.0,1,altman_zdp,firm
0.01032143910350929,0.0,1,altman_zdp,firm
0.020347979946918313,0.016666666666666666,1,altman_zdp,firm
0.030374520790327337,0.03333333333333333,1,altman_zdp,firm
0.040401061633736364,0.03333333333333333,1,altman_zdp,firm
0.05072250073724565,0.03333333333333333,1,altman_zdp,firm
0.060749041580654674,0.05,1,altman_zdp,firm
0.0707755824240637,0.06666666666666667,1,altman_zdp,firm
0.08080212326747273,0.1,1,altman_zdp,firm
0.09112356237098201,0.13333333333333333,1,altman_zdp,firm
0.10115010321439104,0.15,1,altman_zdp,firm
0.11117664405780006,0.21666666666666667,1,altman_zdp,firm
0.12120318490120909,0.23333333333333334,1,altman_zdp,firm
0.13152462400471837,0.26666666666666666,1,altman_zdp,firm
0.1415511648481274,0.3333333333333333,1,altman_zdp,firm
0.15157770569153642,0.35,1,altman_zdp,firm
0.16160424653494546,0.36666666666666664,1,altman_zdp,firm
0.17192568563845473,0.36666666666666664,1,altman_zdp,firm
0.18195222648186377,0.4,1,altman_zdp,firm
0.19197876732527278,0.4166666666666667,1,altman_zdp,firm
0.2020053081686818,0.4166666666666667,1,altman_zdp,firm
0.21232674727219109,0.4666666666666667,1,altman_zdp,firm
0.22235328811560012,0.4666666666666667,1,altman_zdp,firm
0.23237982895900913,0.5166666666666667,1,altman_zdp,firm
0.24240636980241817,0.5333333333333333,1,altman_zdp,firm
0.25272780890592744,0.55,1,altman_zdp,firm
0.2627543497493365,0.5666666666666667,1,altman_zdp,firm
0.2727808905927455,0.6,1,altman_zdp,firm
0.2828074314361545,0.6166666666666667,1,altman_zdp,firm
0.2931288705396638,0.6666666666666666,1,altman_zdp,firm
0.30315541138307284,0.75,1,altman_zdp,firm
0.3131819522264819,0.7666666666666667,1,altman_zdp,firm
0.3232084930698909,0.8,1,altman_zdp,firm
0.33352993217340016,0.8,1,altman_zdp,firm
0.3435564730168092,0.8166666666666667,1,altman_zdp,firm
0.35358301386021823,0.8333333333333334,1,altman_zdp,firm
0.36360955470362727,0.85,1,altman_zdp,firm
0.37363609554703625,0.8666666666666667,1,altman_zdp,firm
0.38395753465054555,0.8666666666666667,1,altman_zdp,firm
0.3939840754939546,0.8666666666666667,1,altman_zdp,firm
0.4040106163373636,0.8666666666666667,1,altman_zdp,firm
0.4140371571807726,0.9,1,altman_zdp,firm
0.4243585962842819,0.9,1,altman_zdp,firm
0.43438513712769095,0.9,1,altman_zdp,firm
0.4444116779711,0.9166666666666666,1,altman_zdp,firm
0.454438218814509,0.9166666666666666,1,altman_zdp,firm
0.46475965791801827,0.9166666666666666,1,altman_zdp,firm
0.4747861987614273,0.9166666666666666,1,altman_zdp,firm
0.48481273960483634,0.9333333333333333,1,altman_zdp,firm
0.4948392804482454,0.9333333333333333,1,altman_zdp,firm
0.5051607195517547,0.9333333333333333,1,altman_zdp,firm
0.5151872603951637,0.9333333333333333,1,altman_zdp,firm
0.5252138012385726,0.9333333333333333,1,altman_zdp,firm
0.5352403420819817,0.9333333333333333,1,altman_zdp,firm
0.545561781185491,0.9333333333333333,1,altman_zdp,firm
0.5555883220289001,0.9333333333333333,1,altman_zdp,firm
0.565614862872309,0.9666666666666667,1,altman_zdp,firm
0.575641403715718,0.9666666666666667,1,altman_zdp,firm
0.5859628428192274,0.9666666666666667,1,altman_zdp,firm
0.5959893836626364,0.9666666666666667,1,altman_zdp,firm
0.6060159245060455,0.9666666666666667,1,altman_zdp,firm
0.6160424653494544,0.9666666666666667,1,altman_zdp,firm
0.6263639044529637,0.9666666666666667,1,altman_zdp,firm
0.6363904452963728,0.9666666666666667,1,altman_zdp,firm
0.6464169861397818,0.9833333333333333,1,altman_zdp,firm
0.6564435269831908,0.9833333333333333,1,altman_zdp,firm
0.6667649660867001,0.9833333333333333,1,altman_zdp,firm
0.6767915069301091,0.9833333333333333,1,altman_zdp,firm
0.6868180477735182,0.9833333333333333,1,altman_zdp,firm
0.6968445886169271,1.0,1,altman_zdp,firm
0.7068711294603361,1.0,1,altman_zdp,firm
0.7171925685638455,1.0,1,altman_zdp,firm
0.7272191094072545,1.0,1,altman_zdp,firm
0.7372456502506636,1.0,1,altman_zdp,firm
0.7472721910940725,1.0,1,altman_zdp,firm
0.7575936301975819,1.0,1,altman_zdp,firm
0.7676201710409909,1.0,1,altman_zdp,firm
0.7776467118843999,1.0,1,altman_zdp,firm
0.7876732527278089,1.0,1,altman_zdp,firm
0.7979946918313182,1.0,1,altman_zdp,firm
0.8080212326747273,1.0,1,altman_zdp,firm
0.8180477735181363,1.0,1,altman_zdp,firm
0.8280743143615452,1.0,1,altman_zdp,firm
0.8383957534650546,1.0,1,altman_zdp,firm
0.8484222943084636,1.0,1,altman_zdp,firm
0.8584488351518726,1.0,1,altman_zdp,firm
0.8684753759952816,1.0,1,altman_zdp,firm
0.8787968150987909,1.0,1,altman_zdp,firm
0.8888233559422,1.0,1,altman_zdp,firm
0.898849896785609,1.0,1,altman_zdp,firm
0.908876437629018,1.0,1,altman_zdp,firm
0.9191978767325273,1.0,1,altman_zdp,firm
0.9292244175759363,1.0,1,altman_zdp,firm
0.9392509584193454,1.0,1,altman_zdp,firm
0.9492774992627544,1.0,1,altman_zdp,firm
0.9595989383662636,1.0,1,altman_zdp,firm
0.9696254792096727,1.0,1,altman_zdp,firm
0.9796520200530817,1.0,1,altman_zdp,firm
0.9896785608964908,1.0,1,altman_zdp,firm
1.0,1.0,1,altman_zdp,firm
3.104047678172337e-05,0.016666666666666666,1,xgboost,window
0.010119195430841818,0.38333333333333336,1,xgboost,window
0.02020735038490191,0.4166666666666667,1,xgboost,window
0.03032654581574373,0.45,1,xgboost,window
0.04041470076980382,0.48333333333333334,1,xgboost,window
0.05053389620064564,0.5,1,xgboost,window
0.06062205115470574,0.55,1,xgboost,window
0.07071020610876583,0.6,1,xgboost,window
0.08082940153960765,0.6,1,xgboost,window
0.09091755649366774,0.6,1,xgboost,window
0.10103675192450956,0.6,1,xgboost,window
0.11112490687856966,0.6166666666666667,1,xgboost,window
0.12121306183262975,0.6333333333333333,1,xgboost,window
0.13133225726347156,0.65,1,xgboost,window
0.14142041221753165,0.6666666666666666,1,xgboost,window
0.1515396076483735,0.6666666666666666,1,xgboost,window
0.16162776260243358,0.7,1,xgboost,window
0.17171591755649368,0.7,1,xgboost,window
0.18183511298733548,0.7,1,xgboost,window
0.19192326794139558,0.7,1,xgboost,window
0.20204246337223739,0.7,1,xgboost,window
0.21213061832629748,0.7,1,xgboost,window
0.22221877328035758,0.7,1,xgboost,window
0.2323379687111994,0.7666666666666667,1,xgboost,window
0.2424261236652595,0.7833333333333333,1,xgboost,window
0.25254531909610134,0.7833333333333333,1,xgboost,window
0.2626334740501614,0.7833333333333333,1,xgboost,window
0.2727216290042215,0.7833333333333333,1,xgboost,window
0.2828408244350633,0.8,1,xgboost,window
0.29292897938912343,0.8,1,xgboost,window
0.3030481748199652,0.8,1,xgboost,window
0.31313632977402533,0.8166666666666667,1,xgboost,window
0.3232244847280854,0.8333333333333334,1,xgboost,window
0.33334368015892724,0.8333333333333334,1,xgboost,window
0.34343183511298736,0.8333333333333334,1,xgboost,window
0.35355103054382914,0.8333333333333334,1,xgboost,window
0.36363918549788926,0.85,1,xgboost,window
0.37372734045194933,0.85,1,xgboost,window
0.38384653588279116,0.8666666666666667,1,xgboost,window
0.39393469083685123,0.8666666666666667,1,xgboost,window
0.40405388626769306,0.8666666666666667,1,xgboost,window
0.4141420412217532,0.8666666666666667,1,xgboost,window
0.42423019617581326,0.8666666666666667,1,xgboost,window
0.4343493916066551,0.8666666666666667,1,xgboost,window
0.44443754656071516,0.8666666666666667,1,xgboost,window
0.454556741991557,0.8833333333333333,1,xgboost,window
0.46464489694561706,0.8833333333333333,1,xgboost,window
0.4747330518996772,0.8833333333333333,1,xgboost,window
0.484852247330519,0.8833333333333333,1,xgboost,window
0.4949404022845791,0.9,1,xgboost,window
0.5050595977154209,0.9,1,xgboost,window
0.515147752669481,0.9166666666666666,1,xgboost,window
0.5252669481003228,0.9166666666666666,1,xgboost,window
0.5353551030543829,0.9166666666666666,1,xgboost,window
0.545443258008443,0.9333333333333333,1,xgboost,window
0.5555624534392848,0.95,1,xgboost,window
0.5656506083933449,0.95,1,xgboost,window
0.5757698038241867,0.95,1,xgboost,window
0.5858579587782469,0.95,1,xgboost,window
0.5959461137323069,0.95,1,xgboost,window
0.6060653091631487,0.95,1,xgboost,window
0.6161534641172088,0.95,1,xgboost,window
0.6262726595480507,0.95,1,xgboost,window
0.6363608145021108,0.95,1,xgboost,window
0.6464489694561708,0.95,1,xgboost,window
0.6565681648870126,0.95,1,xgboost,window
0.6666563198410728,0.95,1,xgboost,window
0.6767755152719146,0.95,1,xgboost,window
0.6868636702259747,0.9666666666666667,1,xgboost,window
0.6969518251800347,0.9666666666666667,1,xgboost,window
0.7070710206108766,0.9666666666666667,1,xgboost,window
0.7171591755649367,0.9666666666666667,1,xgboost,window
0.7272783709957785,0.9666666666666667,1,xgboost,window
0.7373665259498385,0.9666666666666667,1,xgboost,window
0.7474546809038987,0.9666666666666667,1,xgboost,window
0.7575738763347405,0.9666666666666667,1,xgboost,window
0.7676620312888006,0.9666666666666667,1,xgboost,window
0.7777812267196424,0.9666666666666667,1,xgboost,window
0.7878693816737025,0.9666666666666667,1,xgboost,window
0.7979575366277626,0.9666666666666667,1,xgboost,window
0.8080767320586044,0.9666666666666667,1,xgboost,window
0.8181648870126645,0.9666666666666667,1,xgboost,window
0.8282840824435064,0.9666666666666667,1,xgboost,window
0.8383722373975664,0.9666666666666667,1,xgboost,window
0.8484603923516265,0.9666666666666667,1,xgboost,window
0.8585795877824683,0.9833333333333333,1,xgboost,window
0.8686677427365285,0.9833333333333333,1,xgboost,window
0.8787869381673703,1.0,1,xgboost,window
0.8888750931214303,1.0,1,xgboost,window
0.8989632480754904,1.0,1,xgboost,window
0.9090824435063323,1.0,1,xgboost,window
0.9191705984603924,1.0,1,xgboost,window
0.9292897938912341,1.0,1,xgboost,window
0.9393779488452942,1.0,1,xgboost,window
0.9494661037993544,1.0,1,xgboost,window
0.9595852992301962,1.0,1,xgboost,window
0.9696734541842563,1.0,1,xgboost,window
0.979792649615098,1.0,1,xgboost,window
0.9898808045691582,1.0,1,xgboost,window
1.0,1.0,1,xgboost,window
0.0002948982601002654,0.016666666666666666,1,xgboost,firm
0.01032143910350929,0.21666666666666667,1,xgboost,firm
0.020347979946918313,0.2833333333333333,1,xgboost,firm
0.030374520790327337,0.36666666666666664,1,xgboost,firm
0.040401061633736364,0.36666666666666664,1,xgboost,firm
0.05072250073724565,0.4,1,xgboost,firm
0.060749041580654674,0.4166666666666667,1,xgboost,firm
0.0707755824240637,0.4166666666666667,1,xgboost,firm
0.08080212326747273,0.4166666666666667,1,xgboost,firm
0.09112356237098201,0.43333333333333335,1,xgboost,firm
0.10115010321439104,0.5,1,xgboost,firm
0.11117664405780006,0.5166666666666667,1,xgboost,firm
0.12120318490120909,0.5166666666666667,1,xgboost,firm
0.13152462400471837,0.55,1,xgboost,firm
0.1415511648481274,0.5833333333333334,1,xgboost,firm
0.15157770569153642,0.5833333333333334,1,xgboost,firm
0.16160424653494546,0.6,1,xgboost,firm
0.17192568563845473,0.6166666666666667,1,xgboost,firm
0.18195222648186377,0.6166666666666667,1,xgboost,firm
0.19197876732527278,0.65,1,xgboost,firm
0.2020053081686818,0.65,1,xgboost,firm
0.21232674727219109,0.6666666666666666,1,xgboost,firm
0.22235328811560012,0.6833333333333333,1,xgboost,firm
0.23237982895900913,0.7,1,xgboost,firm
0.24240636980241817,0.7166666666666667,1,xgboost,firm
0.25272780890592744,0.7333333333333333,1,xgboost,firm
0.2627543497493365,0.7333333333333333,1,xgboost,firm
0.2727808905927455,0.7333333333333333,1,xgboost,firm
0.2828074314361545,0.7333333333333333,1,xgboost,firm
0.2931288705396638,0.75,1,xgboost,firm
0.30315541138307284,0.7666666666666667,1,xgboost,firm
0.3131819522264819,0.7666666666666667,1,xgboost,firm
0.3232084930698909,0.7666666666666667,1,xgboost,firm
0.33352993217340016,0.7833333333333333,1,xgboost,firm
0.3435564730168092,0.7833333333333333,1,xgboost,firm
0.35358301386021823,0.7833333333333333,1,xgboost,firm
0.36360955470362727,0.7833333333333333,1,xgboost,firm
0.37363609554703625,0.7833333333333333,1,xgboost,firm
0.38395753465054555,0.7833333333333333,1,xgboost,firm
0.3939840754939546,0.7833333333333333,1,xgboost,firm
0.4040106163373636,0.8166666666666667,1,xgboost,firm
0.4140371571807726,0.8166666666666667,1,xgboost,firm
0.4243585962842819,0.8166666666666667,1,xgboost,firm
0.43438513712769095,0.8333333333333334,1,xgboost,firm
0.4444116779711,0.8333333333333334,1,xgboost,firm
0.454438218814509,0.8333333333333334,1,xgboost,firm
0.46475965791801827,0.8333333333333334,1,xgboost,firm
0.4747861987614273,0.8333333333333334,1,xgboost,firm
0.48481273960483634,0.8333333333333334,1,xgboost,firm
0.4948392804482454,0.8333333333333334,1,xgboost,firm
0.5051607195517547,0.85,1,xgboost,firm
0.5151872603951637,0.85,1,xgboost,firm
0.5252138012385726,0.85,1,xgboost,firm
0.5352403420819817,0.85,1,xgboost,firm
0.545561781185491,0.85,1,xgboost,firm
0.5555883220289001,0.85,1,xgboost,firm
0.565614862872309,0.85,1,xgboost,firm
0.575641403715718,0.85,1,xgboost,firm
0.5859628428192274,0.85,1,xgboost,firm
0.5959893836626364,0.85,1,xgboost,firm
0.6060159245060455,0.85,1,xgboost,firm
0.6160424653494544,0.85,1,xgboost,firm
0.6263639044529637,0.8666666666666667,1,xgboost,firm
0.6363904452963728,0.8666666666666667,1,xgboost,firm
0.6464169861397818,0.8666666666666667,1,xgboost,firm
0.6564435269831908,0.8666666666666667,1,xgboost,firm
0.6667649660867001,0.8666666666666667,1,xgboost,firm
0.6767915069301091,0.8666666666666667,1,xgboost,firm
0.6868180477735182,0.8666666666666667,1,xgboost,firm
0.6968445886169271,0.8833333333333333,1,xgboost,firm
0.7068711294603361,0.8833333333333333,1,xgboost,firm
0.7171925685638455,0.8833333333333333,1,xgboost,firm
0.7272191094072545,0.8833333333333333,1,xgboost,firm
0.7372456502506636,0.8833333333333333,1,xgboost,firm
0.7472721910940725,0.9,1,xgboost,firm
0.7575936301975819,0.9166666666666666,1,xgboost,firm
0.7676201710409909,0.9166666666666666,1,xgboost,firm
0.7776467118843999,0.9166666666666666,1,xgboost,firm
0.7876732527278089,0.9333333333333333,1,xgboost,firm
0.7979946918313182,0.9333333333333333,1,xgboost,firm
0.8080212326747273,0.95,1,xgboost,firm
0.8180477735181363,0.95,1,xgboost,firm
0.8280743143615452,0.95,1,xgboost,firm
0.8383957534650546,0.95,1,xgboost,firm
0.8484222943084636,0.95,1,xgboost,firm
0.8584488351518726,0.95,1,xgboost,firm
0.8684753759952816,0.95,1,xgboost,firm
0.8787968150987909,0.95,1,xgboost,firm
0.8888233559422,0.95,1,xgboost,firm
0.898849896785609,0.9666666666666667,1,xgboost,firm
0.908876437629018,0.9666666666666667,1,xgboost,firm
0.9191978767325273,0.9666666666666667,1,xgboost,firm
0.9292244175759363,0.9666666666666667,1,xgboost,firm
0.9392509584193454,0.9666666666666667,1,xgboost,firm
0.9492774992627544,0.9666666666666667,1,xgboost,firm
0.9595989383662636,0.9666666666666667,1,xgboost,firm
0.9696254792096727,0.9833333333333333,1,xgboost,firm
0.9796520200530817,0.9833333333333333,1,xgboost,firm
0.9896785608964908,0.9833333333333333,1,xgboost,firm
1.0,1.0,1,xgboost,firm
3.104047678172337e-05,0.016666666666666666,1,transformer,window
0.010119195430841818,0.2833333333333333,1,transformer,window
0.02020735038490191,0.35,1,transformer,window
0.03032654581574373,0.36666666666666664,1,transformer,window
0.04041470076980382,0.4,1,transformer,window
0.05053389620064564,0.48333333333333334,1,transformer,window
0.06062205115470574,0.5,1,transformer,window
0.07071020610876583,0.5333333333333333,1,transformer,window
0.08082940153960765,0.55,1,transformer,window
0.09091755649366774,0.5666666666666667,1,transformer,window
0.10103675192450956,0.5666666666666667,1,transformer,window
0.11112490687856966,0.5666666666666667,1,transformer,window
0.12121306183262975,0.5833333333333334,1,transformer,window
0.13133225726347156,0.6166666666666667,1,transformer,window
0.14142041221753165,0.6333333333333333,1,transformer,window
0.1515396076483735,0.6333333333333333,1,transformer,window
0.16162776260243358,0.6333333333333333,1,transformer,window
0.17171591755649368,0.6333333333333333,1,transformer,window
0.18183511298733548,0.6666666666666666,1,transformer,window
0.19192326794139558,0.6833333333333333,1,transformer,window
0.20204246337223739,0.7,1,transformer,window
0.21213061832629748,0.7,1,transformer,window
0.22221877328035758,0.7166666666666667,1,transformer,window
0.2323379687111994,0.75,1,transformer,window
0.2424261236652595,0.75,1,transformer,window
0.25254531909610134,0.7666666666666667,1,transformer,window
0.2626334740501614,0.7666666666666667,1,transformer,window
0.2727216290042215,0.7666666666666667,1,transformer,window
0.2828408244350633,0.7833333333333333,1,transformer,window
0.29292897938912343,0.8,1,transformer,window
0.3030481748199652,0.8166666666666667,1,transformer,window
0.31313632977402533,0.8166666666666667,1,transformer,window
0.3232244847280854,0.8166666666666667,1,transformer,window
0.33334368015892724,0.8166666666666667,1,transformer,window
0.34343183511298736,0.8333333333333334,1,transformer,window
0.35355103054382914,0.8333333333333334,1,transformer,window
0.36363918549788926,0.8666666666666667,1,transformer,window
0.37372734045194933,0.8666666666666667,1,transformer,window
0.38384653588279116,0.8666666666666667,1,transformer,window
0.39393469083685123,0.8666666666666667,1,transformer,window
0.40405388626769306,0.8666666666666667,1,transformer,window
0.4141420412217532,0.8833333333333333,1,transformer,window
0.42423019617581326,0.8833333333333333,1,transformer,window
0.4343493916066551,0.8833333333333333,1,transformer,window
0.44443754656071516,0.8833333333333333,1,transformer,window
0.454556741991557,0.8833333333333333,1,transformer,window
0.46464489694561706,0.8833333333333333,1,transformer,window
0.4747330518996772,0.8833333333333333,1,transformer,window
0.484852247330519,0.8833333333333333,1,transformer,window
0.4949404022845791,0.8833333333333333,1,transformer,window
0.5050595977154209,0.8833333333333333,1,transformer,window
0.515147752669481,0.8833333333333333,1,transformer,window
0.5252669481003228,0.8833333333333333,1,transformer,window
0.5353551030543829,0.8833333333333333,1,transformer,window
0.545443258008443,0.8833333333333333,1,transformer,window
0.5555624534392848,0.8833333333333333,1,transformer,window
0.5656506083933449,0.8833333333333333,1,transformer,window
0.5757698038241867,0.9,1,transformer,window
0.5858579587782469,0.9,1,transformer,window
0.5959461137323069,0.9166666666666666,1,transformer,window
0.6060653091631487,0.9333333333333333,1,transformer,window
0.6161534641172088,0.9333333333333333,1,transformer,window
0.6262726595480507,0.9333333333333333,1,transformer,window
0.6363608145021108,0.9666666666666667,1,transformer,window
0.6464489694561708,0.9666666666666667,1,transformer,window
0.6565681648870126,0.9666666666666667,1,transformer,window
0.6666563198410728,0.9666666666666667,1,transformer,window
0.6767755152719146,0.9833333333333333,1,transformer,window
0.6868636702259747,0.9833333333333333,1,transformer,window
0.6969518251800347,0.9833333333333333,1,transformer,window
0.7070710206108766,0.9833333333333333,1,transformer,window
0.7171591755649367,0.9833333333333333,1,transformer,window
0.7272783709957785,0.9833333333333333,1,transformer,window
0.7373665259498385,0.9833333333333333,1,transformer,window
0.7474546809038987,0.9833333333333333,1,transformer,window
0.7575738763347405,0.9833333333333333,1,transformer,window
0.7676620312888006,0.9833333333333333,1,transformer,window
0.7777812267196424,0.9833333333333333,1,transformer,window
0.7878693816737025,0.9833333333333333,1,transformer,window
0.7979575366277626,0.9833333333333333,1,transformer,window
0.8080767320586044,0.9833333333333333,1,transformer,window
0.8181648870126645,1.0,1,transformer,window
0.8282840824435064,1.0,1,transformer,window
0.8383722373975664,1.0,1,transformer,window
0.8484603923516265,1.0,1,transformer,window
0.8585795877824683,1.0,1,transformer,window
0.8686677427365285,1.0,1,transformer,window
0.8787869381673703,1.0,1,transformer,window
0.8888750931214303,1.0,1,transformer,window
0.8989632480754904,1.0,1,transformer,window
0.9090824435063323,1.0,1,transformer,window
0.9191705984603924,1.0,1,transformer,window
0.9292897938912341,1.0,1,transformer,window
0.9393779488452942,1.0,1,transformer,window
0.9494661037993544,1.0,1,transformer,window
0.9595852992301962,1.0,1,transformer,window
0.9696734541842563,1.0,1,transformer,window
0.979792649615098,1.0,1,transformer,window
0.9898808045691582,1.0,1,transformer,window
1.0,1.0,1,transformer,window
0.0002948982601002654,0.016666666666666666,1,transformer,firm
0.01032143910350929,0.13333333333333333,1,transformer,firm
0.020347979946918313,0.16666666666666666,1,transformer,firm
0.030374520790327337,0.21666666666666667,1,transformer,firm
0.040401061633736364,0.3,1,transformer,firm
0.05072250073724565,0.31666666666666665,1,transformer,firm
0.060749041580654674,0.35,1,transformer,firm
0.0707755824240637,0.36666666666666664,1,transformer,firm
0.08080212326747273,0.36666666666666664,1,transformer,firm
0.09112356237098201,0.38333333333333336,1,transformer,firm
0.10115010321439104,0.38333333333333336,1,transformer,firm
0.11117664405780006,0.4166666666666667,1,transformer,firm
0.12120318490120909,0.4166666666666667,1,transformer,firm
0.13152462400471837,0.45,1,transformer,firm
0.1415511648481274,0.45,1,transformer,firm
0.15157770569153642,0.5,1,transformer,firm
0.16160424653494546,0.5333333333333333,1,transformer,firm
0.17192568563845473,0.5333333333333333,1,transformer,firm
0.18195222648186377,0.6,1,transformer,firm
0.19197876732527278,0.6166666666666667,1,transformer,firm
0.2020053081686818,0.6166666666666667,1,transformer,firm
0.21232674727219109,0.6666666666666666,1,transformer,firm
0.22235328811560012,0.6666666666666666,1,transformer,firm
0.23237982895900913,0.6833333333333333,1,transformer,firm
0.24240636980241817,0.6833333333333333,1,transformer,firm
0.25272780890592744,0.6833333333333333,1,transformer,firm
0.2627543497493365,0.6833333333333333,1,transformer,firm
0.2727808905927455,0.7,1,transformer,firm
0.2828074314361545,0.7166666666666667,1,transformer,firm
0.2931288705396638,0.7333333333333333,1,transformer,firm
0.30315541138307284,0.7666666666666667,1,transformer,firm
0.3131819522264819,0.7666666666666667,1,transformer,firm
0.3232084930698909,0.7666666666666667,1,transformer,firm
0.33352993217340016,0.7666666666666667,1,transformer,firm
0.3435564730168092,0.7666666666666667,1,transformer,firm
0.35358301386021823,0.7666666666666667,1,transformer,firm
0.36360955470362727,0.7666666666666667,1,transformer,firm
0.37363609554703625,0.7666666666666667,1,transformer,firm
0.38395753465054555,0.7666666666666667,1,transformer,firm
0.3939840754939546,0.7833333333333333,1,transformer,firm
0.4040106163373636,0.7833333333333333,1,transformer,firm
0.4140371571807726,0.8,1,transformer,firm
0.4243585962842819,0.8,1,transformer,firm
0.43438513712769095,0.8,1,transformer,firm
0.4444116779711,0.8,1,transformer,firm
0.454438218814509,0.8,1,transformer,firm
0.46475965791801827,0.8166666666666667,1,transformer,firm
0.4747861987614273,0.8166666666666667,1,transformer,firm
0.48481273960483634,0.8166666666666667,1,transformer,firm
0.4948392804482454,0.8166666666666667,1,transformer,firm
0.5051607195517547,0.85,1,transformer,firm
0.5151872603951637,0.85,1,transformer,firm
0.5252138012385726,0.85,1,transformer,firm
0.5352403420819817,0.8666666666666667,1,transformer,firm
0.545561781185491,0.8666666666666667,1,transformer,firm
0.5555883220289001,0.8666666666666667,1,transformer,firm
0.565614862872309,0.8666666666666667,1,transformer,firm
0.575641403715718,0.8833333333333333,1,transformer,firm
0.5859628428192274,0.9,1,transformer,firm
0.5959893836626364,0.9,1,transformer,firm
0.6060159245060455,0.9,1,transformer,firm
0.6160424653494544,0.9,1,transformer,firm
0.6263639044529637,0.9,1,transformer,firm
0.6363904452963728,0.9,1,transformer,firm
0.6464169861397818,0.9166666666666666,1,transformer,firm
0.6564435269831908,0.9166666666666666,1,transformer,firm
0.6667649660867001,0.9166666666666666,1,transformer,firm
0.6767915069301091,0.9166666666666666,1,transformer,firm
0.6868180477735182,0.9166666666666666,1,transformer,firm
0.6968445886169271,0.9166666666666666,1,transformer,firm
0.7068711294603361,0.9166666666666666,1,transformer,firm
0.7171925685638455,0.9166666666666666,1,transformer,firm
0.7272191094072545,0.9166666666666666,1,transformer,firm
0.7372456502506636,0.9166666666666666,1,transformer,firm
0.7472721910940725,0.9166666666666666,1,transformer,firm
0.7575936301975819,0.9166666666666666,1,transformer,firm
0.7676201710409909,0.9166666666666666,1,transformer,firm
0.7776467118843999,0.9333333333333333,1,transformer,firm
0.7876732527278089,0.95,1,transformer,firm
0.7979946918313182,0.95,1,transformer,firm
0.8080212326747273,0.95,1,transformer,firm
0.8180477735181363,0.9833333333333333,1,transformer,firm
0.8280743143615452,0.9833333333333333,1,transformer,firm
0.8383957534650546,0.9833333333333333,1,transformer,firm
0.8484222943084636,0.9833333333333333,1,transformer,firm
0.8584488351518726,0.9833333333333333,1,transformer,firm
0.8684753759952816,0.9833333333333333,1,transformer,firm
0.8787968150987909,0.9833333333333333,1,transformer,firm
0.8888233559422,0.9833333333333333,1,transformer,firm
0.898849896785609,0.9833333333333333,1,transformer,firm
0.908876437629018,0.9833333333333333,1,transformer,firm
0.9191978767325273,1.0,1,transformer,firm
0.9292244175759363,1.0,1,transformer,firm
0.9392509584193454,1.0,1,transformer,firm
0.9492774992627544,1.0,1,transformer,firm
0.9595989383662636,1.0,1,transformer,firm
0.9696254792096727,1.0,1,transformer,firm
0.9796520200530817,1.0,1,transformer,firm
0.9896785608964908,1.0,1,transformer,firm
1.0,1.0,1,transformer,firm
3.104047678172337e-05,0.016666666666666666,1,C_lstm,window
0.010119195430841818,0.35,1,C_lstm,window
0.02020735038490191,0.38333333333333336,1,C_lstm,window
0.03032654581574373,0.4666666666666667,1,C_lstm,window
0.04041470076980382,0.5333333333333333,1,C_lstm,window
0.05053389620064564,0.55,1,C_lstm,window
0.06062205115470574,0.55,1,C_lstm,window
0.07071020610876583,0.5833333333333334,1,C_lstm,window
0.08082940153960765,0.6166666666666667,1,C_lstm,window
0.09091755649366774,0.6166666666666667,1,C_lstm,window
0.10103675192450956,0.6333333333333333,1,C_lstm,window
0.11112490687856966,0.6333333333333333,1,C_lstm,window
0.12121306183262975,0.6666666666666666,1,C_lstm,window
0.13133225726347156,0.6833333333333333,1,C_lstm,window
0.14142041221753165,0.7,1,C_lstm,window
0.1515396076483735,0.7,1,C_lstm,window
0.16162776260243358,0.7166666666666667,1,C_lstm,window
0.17171591755649368,0.7333333333333333,1,C_lstm,window
0.18183511298733548,0.7666666666666667,1,C_lstm,window
0.19192326794139558,0.7833333333333333,1,C_lstm,window
0.20204246337223739,0.7833333333333333,1,C_lstm,window
0.21213061832629748,0.8166666666666667,1,C_lstm,window
0.22221877328035758,0.8333333333333334,1,C_lstm,window
0.2323379687111994,0.85,1,C_lstm,window
0.2424261236652595,0.85,1,C_lstm,window
0.25254531909610134,0.8833333333333333,1,C_lstm,window
0.2626334740501614,0.8833333333333333,1,C_lstm,window
0.2727216290042215,0.8833333333333333,1,C_lstm,window
0.2828408244350633,0.9,1,C_lstm,window
0.29292897938912343,0.9,1,C_lstm,window
0.3030481748199652,0.9,1,C_lstm,window
0.31313632977402533,0.9,1,C_lstm,window
0.3232244847280854,0.9,1,C_lstm,window
0.33334368015892724,0.9166666666666666,1,C_lstm,window
0.34343183511298736,0.9166666666666666,1,C_lstm,window
0.35355103054382914,0.9333333333333333,1,C_lstm,window
0.36363918549788926,0.9333333333333333,1,C_lstm,window
0.37372734045194933,0.9333333333333333,1,C_lstm,window
0.38384653588279116,0.9333333333333333,1,C_lstm,window
0.39393469083685123,0.9333333333333333,1,C_lstm,window
0.40405388626769306,0.9333333333333333,1,C_lstm,window
0.4141420412217532,0.9333333333333333,1,C_lstm,window
0.42423019617581326,0.9333333333333333,1,C_lstm,window
0.4343493916066551,0.9333333333333333,1,C_lstm,window
0.44443754656071516,0.9333333333333333,1,C_lstm,window
0.454556741991557,0.9333333333333333,1,C_lstm,window
0.46464489694561706,0.9333333333333333,1,C_lstm,window
0.4747330518996772,0.9333333333333333,1,C_lstm,window
0.484852247330519,0.9333333333333333,1,C_lstm,window
0.4949404022845791,0.9333333333333333,1,C_lstm,window
0.5050595977154209,0.9333333333333333,1,C_lstm,window
0.515147752669481,0.9333333333333333,1,C_lstm,window
0.5252669481003228,0.9333333333333333,1,C_lstm,window
0.5353551030543829,0.9333333333333333,1,C_lstm,window
0.545443258008443,0.9333333333333333,1,C_lstm,window
0.5555624534392848,0.9333333333333333,1,C_lstm,window
0.5656506083933449,0.9333333333333333,1,C_lstm,window
0.5757698038241867,0.9333333333333333,1,C_lstm,window
0.5858579587782469,0.9333333333333333,1,C_lstm,window
0.5959461137323069,0.9333333333333333,1,C_lstm,window
0.6060653091631487,0.9333333333333333,1,C_lstm,window
0.6161534641172088,0.9333333333333333,1,C_lstm,window
0.6262726595480507,0.9333333333333333,1,C_lstm,window
0.6363608145021108,0.9333333333333333,1,C_lstm,window
0.6464489694561708,0.9333333333333333,1,C_lstm,window
0.6565681648870126,0.9333333333333333,1,C_lstm,window
0.6666563198410728,0.95,1,C_lstm,window
0.6767755152719146,0.9666666666666667,1,C_lstm,window
0.6868636702259747,0.9666666666666667,1,C_lstm,window
0.6969518251800347,0.9666666666666667,1,C_lstm,window
0.7070710206108766,0.9666666666666667,1,C_lstm,window
0.7171591755649367,0.9666666666666667,1,C_lstm,window
0.7272783709957785,0.9666666666666667,1,C_lstm,window
0.7373665259498385,0.9666666666666667,1,C_lstm,window
0.7474546809038987,0.9666666666666667,1,C_lstm,window
0.7575738763347405,0.9666666666666667,1,C_lstm,window
0.7676620312888006,0.9666666666666667,1,C_lstm,window
0.7777812267196424,0.9666666666666667,1,C_lstm,window
0.7878693816737025,0.9666666666666667,1,C_lstm,window
0.7979575366277626,0.9666666666666667,1,C_lstm,window
0.8080767320586044,0.9666666666666667,1,C_lstm,window
0.8181648870126645,0.9666666666666667,1,C_lstm,window
0.8282840824435064,0.9666666666666667,1,C_lstm,window
0.8383722373975664,0.9666666666666667,1,C_lstm,window
0.8484603923516265,0.9666666666666667,1,C_lstm,window
0.8585795877824683,0.9666666666666667,1,C_lstm,window
0.8686677427365285,0.9833333333333333,1,C_lstm,window
0.8787869381673703,0.9833333333333333,1,C_lstm,window
0.8888750931214303,0.9833333333333333,1,C_lstm,window
0.8989632480754904,0.9833333333333333,1,C_lstm,window
0.9090824435063323,0.9833333333333333,1,C_lstm,window
0.9191705984603924,0.9833333333333333,1,C_lstm,window
0.9292897938912341,0.9833333333333333,1,C_lstm,window
0.9393779488452942,0.9833333333333333,1,C_lstm,window
0.9494661037993544,1.0,1,C_lstm,window
0.9595852992301962,1.0,1,C_lstm,window
0.9696734541842563,1.0,1,C_lstm,window
0.979792649615098,1.0,1,C_lstm,window
0.9898808045691582,1.0,1,C_lstm,window
1.0,1.0,1,C_lstm,window
0.0002948982601002654,0.016666666666666666,1,C_lstm,firm
0.01032143910350929,0.23333333333333334,1,C_lstm,firm
0.020347979946918313,0.26666666666666666,1,C_lstm,firm
0.030374520790327337,0.3,1,C_lstm,firm
0.040401061633736364,0.31666666666666665,1,C_lstm,firm
0.05072250073724565,0.35,1,C_lstm,firm
0.060749041580654674,0.4,1,C_lstm,firm
0.0707755824240637,0.4,1,C_lstm,firm
0.08080212326747273,0.4166666666666667,1,C_lstm,firm
0.09112356237098201,0.4166666666666667,1,C_lstm,firm
0.10115010321439104,0.4666666666666667,1,C_lstm,firm
0.11117664405780006,0.48333333333333334,1,C_lstm,firm
0.12120318490120909,0.55,1,C_lstm,firm
0.13152462400471837,0.5666666666666667,1,C_lstm,firm
0.1415511648481274,0.6166666666666667,1,C_lstm,firm
0.15157770569153642,0.65,1,C_lstm,firm
0.16160424653494546,0.6666666666666666,1,C_lstm,firm
0.17192568563845473,0.6833333333333333,1,C_lstm,firm
0.18195222648186377,0.6833333333333333,1,C_lstm,firm
0.19197876732527278,0.7,1,C_lstm,firm
0.2020053081686818,0.7,1,C_lstm,firm
0.21232674727219109,0.7,1,C_lstm,firm
0.22235328811560012,0.7,1,C_lstm,firm
0.23237982895900913,0.7333333333333333,1,C_lstm,firm
0.24240636980241817,0.7333333333333333,1,C_lstm,firm
0.25272780890592744,0.75,1,C_lstm,firm
0.2627543497493365,0.75,1,C_lstm,firm
0.2727808905927455,0.75,1,C_lstm,firm
0.2828074314361545,0.7833333333333333,1,C_lstm,firm
0.2931288705396638,0.7833333333333333,1,C_lstm,firm
0.30315541138307284,0.7833333333333333,1,C_lstm,firm
0.3131819522264819,0.8166666666666667,1,C_lstm,firm
0.3232084930698909,0.8166666666666667,1,C_lstm,firm
0.33352993217340016,0.8333333333333334,1,C_lstm,firm
0.3435564730168092,0.85,1,C_lstm,firm
0.35358301386021823,0.85,1,C_lstm,firm
0.36360955470362727,0.85,1,C_lstm,firm
0.37363609554703625,0.8666666666666667,1,C_lstm,firm
0.38395753465054555,0.8666666666666667,1,C_lstm,firm
0.3939840754939546,0.8833333333333333,1,C_lstm,firm
0.4040106163373636,0.9,1,C_lstm,firm
0.4140371571807726,0.9,1,C_lstm,firm
0.4243585962842819,0.9,1,C_lstm,firm
0.43438513712769095,0.9,1,C_lstm,firm
0.4444116779711,0.9,1,C_lstm,firm
0.454438218814509,0.9,1,C_lstm,firm
0.46475965791801827,0.9,1,C_lstm,firm
0.4747861987614273,0.9166666666666666,1,C_lstm,firm
0.48481273960483634,0.9166666666666666,1,C_lstm,firm
0.4948392804482454,0.9166666666666666,1,C_lstm,firm
0.5051607195517547,0.9166666666666666,1,C_lstm,firm
0.5151872603951637,0.9333333333333333,1,C_lstm,firm
0.5252138012385726,0.9333333333333333,1,C_lstm,firm
0.5352403420819817,0.9333333333333333,1,C_lstm,firm
0.545561781185491,0.9333333333333333,1,C_lstm,firm
0.5555883220289001,0.95,1,C_lstm,firm
0.565614862872309,0.9666666666666667,1,C_lstm,firm
0.575641403715718,0.9666666666666667,1,C_lstm,firm
0.5859628428192274,0.9833333333333333,1,C_lstm,firm
0.5959893836626364,0.9833333333333333,1,C_lstm,firm
0.6060159245060455,0.9833333333333333,1,C_lstm,firm
0.6160424653494544,0.9833333333333333,1,C_lstm,firm
0.6263639044529637,0.9833333333333333,1,C_lstm,firm
0.6363904452963728,0.9833333333333333,1,C_lstm,firm
0.6464169861397818,0.9833333333333333,1,C_lstm,firm
0.6564435269831908,0.9833333333333333,1,C_lstm,firm
0.6667649660867001,0.9833333333333333,1,C_lstm,firm
0.6767915069301091,0.9833333333333333,1,C_lstm,firm
0.6868180477735182,0.9833333333333333,1,C_lstm,firm
0.6968445886169271,0.9833333333333333,1,C_lstm,firm
0.7068711294603361,0.9833333333333333,1,C_lstm,firm
0.7171925685638455,0.9833333333333333,1,C_lstm,firm
0.7272191094072545,0.9833333333333333,1,C_lstm,firm
0.7372456502506636,0.9833333333333333,1,C_lstm,firm
0.7472721910940725,0.9833333333333333,1,C_lstm,firm
0.7575936301975819,0.9833333333333333,1,C_lstm,firm
0.7676201710409909,0.9833333333333333,1,C_lstm,firm
0.7776467118843999,0.9833333333333333,1,C_lstm,firm
0.7876732527278089,0.9833333333333333,1,C_lstm,firm
0.7979946918313182,0.9833333333333333,1,C_lstm,firm
0.8080212326747273,0.9833333333333333,1,C_lstm,firm
0.8180477735181363,0.9833333333333333,1,C_lstm,firm
0.8280743143615452,1.0,1,C_lstm,firm
0.8383957534650546,1.0,1,C_lstm,firm
0.8484222943084636,1.0,1,C_lstm,firm
0.8584488351518726,1.0,1,C_lstm,firm
0.8684753759952816,1.0,1,C_lstm,firm
0.8787968150987909,1.0,1,C_lstm,firm
0.8888233559422,1.0,1,C_lstm,firm
0.898849896785609,1.0,1,C_lstm,firm
0.908876437629018,1.0,1,C_lstm,firm
0.9191978767325273,1.0,1,C_lstm,firm
0.9292244175759363,1.0,1,C_lstm,firm
0.9392509584193454,1.0,1,C_lstm,firm
0.9492774992627544,1.0,1,C_lstm,firm
0.9595989383662636,1.0,1,C_lstm,firm
0.9696254792096727,1.0,1,C_lstm,firm
0.9796520200530817,1.0,1,C_lstm,firm
0.9896785608964908,1.0,1,C_lstm,firm
1.0,1.0,1,C_lstm,firm
3.104047678172337e-05,0.0,2,altman_zdp,window
0.010119195430841818,0.006329113924050633,2,altman_zdp,window
0.02020735038490191,0.012658227848101266,2,altman_zdp,window
0.03032654581574373,0.03164556962025317,2,altman_zdp,window
0.04041470076980382,0.08860759493670886,2,altman_zdp,window
0.05053389620064564,0.14556962025316456,2,altman_zdp,window
0.06062205115470574,0.1962025316455696,2,altman_zdp,window
0.07071020610876583,0.25316455696202533,2,altman_zdp,window
0.08082940153960765,0.3291139240506329,2,altman_zdp,window
0.09091755649366774,0.34177215189873417,2,altman_zdp,window
0.10103675192450956,0.379746835443038,2,altman_zdp,window
0.11112490687856966,0.41139240506329117,2,altman_zdp,window
0.12121306183262975,0.4430379746835443,2,altman_zdp,window
0.13133225726347156,0.47468354430379744,2,altman_zdp,window
0.14142041221753165,0.4873417721518987,2,altman_zdp,window
0.1515396076483735,0.5126582278481012,2,altman_zdp,window
0.16162776260243358,0.5253164556962026,2,altman_zdp,window
0.17171591755649368,0.5569620253164557,2,altman_zdp,window
0.18183511298733548,0.5949367088607594,2,altman_zdp,window
0.19192326794139558,0.6329113924050633,2,altman_zdp,window
0.20204246337223739,0.6835443037974683,2,altman_zdp,window
0.21213061832629748,0.7341772151898734,2,altman_zdp,window
0.22221877328035758,0.759493670886076,2,altman_zdp,window
0.2323379687111994,0.7784810126582279,2,altman_zdp,window
0.2424261236652595,0.7911392405063291,2,altman_zdp,window
0.25254531909610134,0.8164556962025317,2,altman_zdp,window
0.2626334740501614,0.8227848101265823,2,altman_zdp,window
0.2727216290042215,0.8481012658227848,2,altman_zdp,window
0.2828408244350633,0.8607594936708861,2,altman_zdp,window
0.29292897938912343,0.8607594936708861,2,altman_zdp,window
0.3030481748199652,0.8734177215189873,2,altman_zdp,window
0.31313632977402533,0.8734177215189873,2,altman_zdp,window
0.3232244847280854,0.8860759493670886,2,altman_zdp,window
0.33334368015892724,0.9050632911392406,2,altman_zdp,window
0.34343183511298736,0.9050632911392406,2,altman_zdp,window
0.35355103054382914,0.9177215189873418,2,altman_zdp,window
0.36363918549788926,0.9177215189873418,2,altman_zdp,window
0.37372734045194933,0.930379746835443,2,altman_zdp,window
0.38384653588279116,0.930379746835443,2,altman_zdp,window
0.39393469083685123,0.9367088607594937,2,altman_zdp,window
0.40405388626769306,0.9430379746835443,2,altman_zdp,window
0.4141420412217532,0.9493670886075949,2,altman_zdp,window
0.42423019617581326,0.9493670886075949,2,altman_zdp,window
0.4343493916066551,0.9493670886075949,2,altman_zdp,window
0.44443754656071516,0.9556962025316456,2,altman_zdp,window
0.454556741991557,0.9556962025316456,2,altman_zdp,window
0.46464489694561706,0.9556962025316456,2,altman_zdp,window
0.4747330518996772,0.9556962025316456,2,altman_zdp,window
0.484852247330519,0.9556962025316456,2,altman_zdp,window
0.4949404022845791,0.9556962025316456,2,altman_zdp,window
0.5050595977154209,0.9556962025316456,2,altman_zdp,window
0.515147752669481,0.9556962025316456,2,altman_zdp,window
0.5252669481003228,0.9556962025316456,2,altman_zdp,window
0.5353551030543829,0.9556962025316456,2,altman_zdp,window
0.545443258008443,0.9556962025316456,2,altman_zdp,window
0.5555624534392848,0.9620253164556962,2,altman_zdp,window
0.5656506083933449,0.9620253164556962,2,altman_zdp,window
0.5757698038241867,0.9620253164556962,2,altman_zdp,window
0.5858579587782469,0.9620253164556962,2,altman_zdp,window
0.5959461137323069,0.9683544303797469,2,altman_zdp,window
0.6060653091631487,0.9683544303797469,2,altman_zdp,window
0.6161534641172088,0.9810126582278481,2,altman_zdp,window
0.6262726595480507,0.9810126582278481,2,altman_zdp,window
0.6363608145021108,0.9873417721518988,2,altman_zdp,window
0.6464489694561708,0.9873417721518988,2,altman_zdp,window
0.6565681648870126,0.9873417721518988,2,altman_zdp,window
0.6666563198410728,0.9936708860759493,2,altman_zdp,window
0.6767755152719146,1.0,2,altman_zdp,window
0.6868636702259747,1.0,2,altman_zdp,window
0.6969518251800347,1.0,2,altman_zdp,window
0.7070710206108766,1.0,2,altman_zdp,window
0.7171591755649367,1.0,2,altman_zdp,window
0.7272783709957785,1.0,2,altman_zdp,window
0.7373665259498385,1.0,2,altman_zdp,window
0.7474546809038987,1.0,2,altman_zdp,window
0.7575738763347405,1.0,2,altman_zdp,window
0.7676620312888006,1.0,2,altman_zdp,window
0.7777812267196424,1.0,2,altman_zdp,window
0.7878693816737025,1.0,2,altman_zdp,window
0.7979575366277626,1.0,2,altman_zdp,window
0.8080767320586044,1.0,2,altman_zdp,window
0.8181648870126645,1.0,2,altman_zdp,window
0.8282840824435064,1.0,2,altman_zdp,window
0.8383722373975664,1.0,2,altman_zdp,window
0.8484603923516265,1.0,2,altman_zdp,window
0.8585795877824683,1.0,2,altman_zdp,window
0.8686677427365285,1.0,2,altman_zdp,window
0.8787869381673703,1.0,2,altman_zdp,window
0.8888750931214303,1.0,2,altman_zdp,window
0.8989632480754904,1.0,2,altman_zdp,window
0.9090824435063323,1.0,2,altman_zdp,window
0.9191705984603924,1.0,2,altman_zdp,window
0.9292897938912341,1.0,2,altman_zdp,window
0.9393779488452942,1.0,2,altman_zdp,window
0.9494661037993544,1.0,2,altman_zdp,window
0.9595852992301962,1.0,2,altman_zdp,window
0.9696734541842563,1.0,2,altman_zdp,window
0.979792649615098,1.0,2,altman_zdp,window
0.9898808045691582,1.0,2,altman_zdp,window
1.0,1.0,2,altman_zdp,window
0.0002948982601002654,0.0,2,altman_zdp,firm
0.01032143910350929,0.0,2,altman_zdp,firm
0.020347979946918313,0.009523809523809525,2,altman_zdp,firm
0.030374520790327337,0.01904761904761905,2,altman_zdp,firm
0.040401061633736364,0.02857142857142857,2,altman_zdp,firm
0.05072250073724565,0.02857142857142857,2,altman_zdp,firm
0.060749041580654674,0.047619047619047616,2,altman_zdp,firm
0.0707755824240637,0.08571428571428572,2,altman_zdp,firm
0.08080212326747273,0.11428571428571428,2,altman_zdp,firm
0.09112356237098201,0.13333333333333333,2,altman_zdp,firm
0.10115010321439104,0.17142857142857143,2,altman_zdp,firm
0.11117664405780006,0.21904761904761905,2,altman_zdp,firm
0.12120318490120909,0.22857142857142856,2,altman_zdp,firm
0.13152462400471837,0.2571428571428571,2,altman_zdp,firm
0.1415511648481274,0.3047619047619048,2,altman_zdp,firm
0.15157770569153642,0.34285714285714286,2,altman_zdp,firm
0.16160424653494546,0.3523809523809524,2,altman_zdp,firm
0.17192568563845473,0.3523809523809524,2,altman_zdp,firm
0.18195222648186377,0.3904761904761905,2,altman_zdp,firm
0.19197876732527278,0.42857142857142855,2,altman_zdp,firm
0.2020053081686818,0.44761904761904764,2,altman_zdp,firm
0.21232674727219109,0.49523809523809526,2,altman_zdp,firm
0.22235328811560012,0.49523809523809526,2,altman_zdp,firm
0.23237982895900913,0.5428571428571428,2,altman_zdp,firm
0.24240636980241817,0.5523809523809524,2,altman_zdp,firm
0.25272780890592744,0.5714285714285714,2,altman_zdp,firm
0.2627543497493365,0.580952380952381,2,altman_zdp,firm
0.2727808905927455,0.6095238095238096,2,altman_zdp,firm
0.2828074314361545,0.638095238095238,2,altman_zdp,firm
0.2931288705396638,0.6857142857142857,2,altman_zdp,firm
0.30315541138307284,0.7333333333333333,2,altman_zdp,firm
0.3131819522264819,0.7619047619047619,2,altman_zdp,firm
0.3232084930698909,0.780952380952381,2,altman_zdp,firm
0.33352993217340016,0.8095238095238095,2,altman_zdp,firm
0.3435564730168092,0.8285714285714286,2,altman_zdp,firm
0.35358301386021823,0.8380952380952381,2,altman_zdp,firm
0.36360955470362727,0.8476190476190476,2,altman_zdp,firm
0.37363609554703625,0.8571428571428571,2,altman_zdp,firm
0.38395753465054555,0.8666666666666667,2,altman_zdp,firm
0.3939840754939546,0.8666666666666667,2,altman_zdp,firm
0.4040106163373636,0.8666666666666667,2,altman_zdp,firm
0.4140371571807726,0.8952380952380953,2,altman_zdp,firm
0.4243585962842819,0.8952380952380953,2,altman_zdp,firm
0.43438513712769095,0.8952380952380953,2,altman_zdp,firm
0.4444116779711,0.9047619047619048,2,altman_zdp,firm
0.454438218814509,0.9142857142857143,2,altman_zdp,firm
0.46475965791801827,0.9142857142857143,2,altman_zdp,firm
0.4747861987614273,0.9142857142857143,2,altman_zdp,firm
0.48481273960483634,0.9238095238095239,2,altman_zdp,firm
0.4948392804482454,0.9238095238095239,2,altman_zdp,firm
0.5051607195517547,0.9333333333333333,2,altman_zdp,firm
0.5151872603951637,0.9428571428571428,2,altman_zdp,firm
0.5252138012385726,0.9428571428571428,2,altman_zdp,firm
0.5352403420819817,0.9428571428571428,2,altman_zdp,firm
0.545561781185491,0.9523809523809523,2,altman_zdp,firm
0.5555883220289001,0.9523809523809523,2,altman_zdp,firm
0.565614862872309,0.9714285714285714,2,altman_zdp,firm
0.575641403715718,0.9714285714285714,2,altman_zdp,firm
0.5859628428192274,0.9714285714285714,2,altman_zdp,firm
0.5959893836626364,0.9714285714285714,2,altman_zdp,firm
0.6060159245060455,0.9714285714285714,2,altman_zdp,firm
0.6160424653494544,0.9714285714285714,2,altman_zdp,firm
0.6263639044529637,0.9714285714285714,2,altman_zdp,firm
0.6363904452963728,0.9714285714285714,2,altman_zdp,firm
0.6464169861397818,0.9809523809523809,2,altman_zdp,firm
0.6564435269831908,0.9809523809523809,2,altman_zdp,firm
0.6667649660867001,0.9809523809523809,2,altman_zdp,firm
0.6767915069301091,0.9809523809523809,2,altman_zdp,firm
0.6868180477735182,0.9809523809523809,2,altman_zdp,firm
0.6968445886169271,0.9904761904761905,2,altman_zdp,firm
0.7068711294603361,0.9904761904761905,2,altman_zdp,firm
0.7171925685638455,0.9904761904761905,2,altman_zdp,firm
0.7272191094072545,0.9904761904761905,2,altman_zdp,firm
0.7372456502506636,1.0,2,altman_zdp,firm
0.7472721910940725,1.0,2,altman_zdp,firm
0.7575936301975819,1.0,2,altman_zdp,firm
0.7676201710409909,1.0,2,altman_zdp,firm
0.7776467118843999,1.0,2,altman_zdp,firm
0.7876732527278089,1.0,2,altman_zdp,firm
0.7979946918313182,1.0,2,altman_zdp,firm
0.8080212326747273,1.0,2,altman_zdp,firm
0.8180477735181363,1.0,2,altman_zdp,firm
0.8280743143615452,1.0,2,altman_zdp,firm
0.8383957534650546,1.0,2,altman_zdp,firm
0.8484222943084636,1.0,2,altman_zdp,firm
0.8584488351518726,1.0,2,altman_zdp,firm
0.8684753759952816,1.0,2,altman_zdp,firm
0.8787968150987909,1.0,2,altman_zdp,firm
0.8888233559422,1.0,2,altman_zdp,firm
0.898849896785609,1.0,2,altman_zdp,firm
0.908876437629018,1.0,2,altman_zdp,firm
0.9191978767325273,1.0,2,altman_zdp,firm
0.9292244175759363,1.0,2,altman_zdp,firm
0.9392509584193454,1.0,2,altman_zdp,firm
0.9492774992627544,1.0,2,altman_zdp,firm
0.9595989383662636,1.0,2,altman_zdp,firm
0.9696254792096727,1.0,2,altman_zdp,firm
0.9796520200530817,1.0,2,altman_zdp,firm
0.9896785608964908,1.0,2,altman_zdp,firm
1.0,1.0,2,altman_zdp,firm
3.104047678172337e-05,0.006329113924050633,2,xgboost,window
0.010119195430841818,0.2468354430379747,2,xgboost,window
0.02020735038490191,0.37341772151898733,2,xgboost,window
0.03032654581574373,0.43037974683544306,2,xgboost,window
0.04041470076980382,0.45569620253164556,2,xgboost,window
0.05053389620064564,0.5253164556962026,2,xgboost,window
0.06062205115470574,0.569620253164557,2,xgboost,window
0.07071020610876583,0.620253164556962,2,xgboost,window
0.08082940153960765,0.6708860759493671,2,xgboost,window
0.09091755649366774,0.689873417721519,2,xgboost,window
0.10103675192450956,0.6962025316455697,2,xgboost,window
0.11112490687856966,0.7088607594936709,2,xgboost,window
0.12121306183262975,0.7215189873417721,2,xgboost,window
0.13133225726347156,0.740506329113924,2,xgboost,window
0.14142041221753165,0.7531645569620253,2,xgboost,window
0.1515396076483735,0.7658227848101266,2,xgboost,window
0.16162776260243358,0.7721518987341772,2,xgboost,window
0.17171591755649368,0.7848101265822784,2,xgboost,window
0.18183511298733548,0.8037974683544303,2,xgboost,window
0.19192326794139558,0.810126582278481,2,xgboost,window
0.20204246337223739,0.8417721518987342,2,xgboost,window
0.21213061832629748,0.8544303797468354,2,xgboost,window
0.22221877328035758,0.8607594936708861,2,xgboost,window
0.2323379687111994,0.8670886075949367,2,xgboost,window
0.2424261236652595,0.8670886075949367,2,xgboost,window
0.25254531909610134,0.879746835443038,2,xgboost,window
0.2626334740501614,0.8860759493670886,2,xgboost,window
0.2727216290042215,0.8860759493670886,2,xgboost,window
0.2828408244350633,0.8924050632911392,2,xgboost,window
0.29292897938912343,0.8924050632911392,2,xgboost,window
0.3030481748199652,0.8987341772151899,2,xgboost,window
0.31313632977402533,0.8987341772151899,2,xgboost,window
0.3232244847280854,0.9050632911392406,2,xgboost,window
0.33334368015892724,0.9113924050632911,2,xgboost,window
0.34343183511298736,0.9177215189873418,2,xgboost,window
0.35355103054382914,0.9240506329113924,2,xgboost,window
0.36363918549788926,0.930379746835443,2,xgboost,window
0.37372734045194933,0.9367088607594937,2,xgboost,window
0.38384653588279116,0.9493670886075949,2,xgboost,window
0.39393469083685123,0.9493670886075949,2,xgboost,window
0.40405388626769306,0.9493670886075949,2,xgboost,window
0.4141420412217532,0.9556962025316456,2,xgboost,window
0.42423019617581326,0.9556962025316456,2,xgboost,window
0.4343493916066551,0.9620253164556962,2,xgboost,window
0.44443754656071516,0.9683544303797469,2,xgboost,window
0.454556741991557,0.9683544303797469,2,xgboost,window
0.46464489694561706,0.9683544303797469,2,xgboost,window
0.4747330518996772,0.9746835443037974,2,xgboost,window
0.484852247330519,0.9746835443037974,2,xgboost,window
0.4949404022845791,0.9746835443037974,2,xgboost,window
0.5050595977154209,0.9746835443037974,2,xgboost,window
0.515147752669481,0.9746835443037974,2,xgboost,window
0.5252669481003228,0.9810126582278481,2,xgboost,window
0.5353551030543829,0.9873417721518988,2,xgboost,window
0.545443258008443,0.9873417721518988,2,xgboost,window
0.5555624534392848,0.9936708860759493,2,xgboost,window
0.5656506083933449,1.0,2,xgboost,window
0.5757698038241867,1.0,2,xgboost,window
0.5858579587782469,1.0,2,xgboost,window
0.5959461137323069,1.0,2,xgboost,window
0.6060653091631487,1.0,2,xgboost,window
0.6161534641172088,1.0,2,xgboost,window
0.6262726595480507,1.0,2,xgboost,window
0.6363608145021108,1.0,2,xgboost,window
0.6464489694561708,1.0,2,xgboost,window
0.6565681648870126,1.0,2,xgboost,window
0.6666563198410728,1.0,2,xgboost,window
0.6767755152719146,1.0,2,xgboost,window
0.6868636702259747,1.0,2,xgboost,window
0.6969518251800347,1.0,2,xgboost,window
0.7070710206108766,1.0,2,xgboost,window
0.7171591755649367,1.0,2,xgboost,window
0.7272783709957785,1.0,2,xgboost,window
0.7373665259498385,1.0,2,xgboost,window
0.7474546809038987,1.0,2,xgboost,window
0.7575738763347405,1.0,2,xgboost,window
0.7676620312888006,1.0,2,xgboost,window
0.7777812267196424,1.0,2,xgboost,window
0.7878693816737025,1.0,2,xgboost,window
0.7979575366277626,1.0,2,xgboost,window
0.8080767320586044,1.0,2,xgboost,window
0.8181648870126645,1.0,2,xgboost,window
0.8282840824435064,1.0,2,xgboost,window
0.8383722373975664,1.0,2,xgboost,window
0.8484603923516265,1.0,2,xgboost,window
0.8585795877824683,1.0,2,xgboost,window
0.8686677427365285,1.0,2,xgboost,window
0.8787869381673703,1.0,2,xgboost,window
0.8888750931214303,1.0,2,xgboost,window
0.8989632480754904,1.0,2,xgboost,window
0.9090824435063323,1.0,2,xgboost,window
0.9191705984603924,1.0,2,xgboost,window
0.9292897938912341,1.0,2,xgboost,window
0.9393779488452942,1.0,2,xgboost,window
0.9494661037993544,1.0,2,xgboost,window
0.9595852992301962,1.0,2,xgboost,window
0.9696734541842563,1.0,2,xgboost,window
0.979792649615098,1.0,2,xgboost,window
0.9898808045691582,1.0,2,xgboost,window
1.0,1.0,2,xgboost,window
0.0002948982601002654,0.009523809523809525,2,xgboost,firm
0.01032143910350929,0.14285714285714285,2,xgboost,firm
0.020347979946918313,0.21904761904761905,2,xgboost,firm
0.030374520790327337,0.26666666666666666,2,xgboost,firm
0.040401061633736364,0.2857142857142857,2,xgboost,firm
0.05072250073724565,0.3142857142857143,2,xgboost,firm
0.060749041580654674,0.37142857142857144,2,xgboost,firm
0.0707755824240637,0.41904761904761906,2,xgboost,firm
0.08080212326747273,0.44761904761904764,2,xgboost,firm
0.09112356237098201,0.49523809523809526,2,xgboost,firm
0.10115010321439104,0.5238095238095238,2,xgboost,firm
0.11117664405780006,0.5428571428571428,2,xgboost,firm
0.12120318490120909,0.5714285714285714,2,xgboost,firm
0.13152462400471837,0.6095238095238096,2,xgboost,firm
0.1415511648481274,0.6285714285714286,2,xgboost,firm
0.15157770569153642,0.638095238095238,2,xgboost,firm
0.16160424653494546,0.6476190476190476,2,xgboost,firm
0.17192568563845473,0.6571428571428571,2,xgboost,firm
0.18195222648186377,0.6666666666666666,2,xgboost,firm
0.19197876732527278,0.7142857142857143,2,xgboost,firm
0.2020053081686818,0.7238095238095238,2,xgboost,firm
0.21232674727219109,0.7333333333333333,2,xgboost,firm
0.22235328811560012,0.7333333333333333,2,xgboost,firm
0.23237982895900913,0.7428571428571429,2,xgboost,firm
0.24240636980241817,0.7523809523809524,2,xgboost,firm
0.25272780890592744,0.7714285714285715,2,xgboost,firm
0.2627543497493365,0.7904761904761904,2,xgboost,firm
0.2727808905927455,0.7904761904761904,2,xgboost,firm
0.2828074314361545,0.8,2,xgboost,firm
0.2931288705396638,0.8095238095238095,2,xgboost,firm
0.30315541138307284,0.8095238095238095,2,xgboost,firm
0.3131819522264819,0.8095238095238095,2,xgboost,firm
0.3232084930698909,0.819047619047619,2,xgboost,firm
0.33352993217340016,0.819047619047619,2,xgboost,firm
0.3435564730168092,0.819047619047619,2,xgboost,firm
0.35358301386021823,0.819047619047619,2,xgboost,firm
0.36360955470362727,0.8476190476190476,2,xgboost,firm
0.37363609554703625,0.8476190476190476,2,xgboost,firm
0.38395753465054555,0.8476190476190476,2,xgboost,firm
0.3939840754939546,0.8476190476190476,2,xgboost,firm
0.4040106163373636,0.8571428571428571,2,xgboost,firm
0.4140371571807726,0.8666666666666667,2,xgboost,firm
0.4243585962842819,0.8666666666666667,2,xgboost,firm
0.43438513712769095,0.8666666666666667,2,xgboost,firm
0.4444116779711,0.8666666666666667,2,xgboost,firm
0.454438218814509,0.8666666666666667,2,xgboost,firm
0.46475965791801827,0.8666666666666667,2,xgboost,firm
0.4747861987614273,0.8761904761904762,2,xgboost,firm
0.48481273960483634,0.8952380952380953,2,xgboost,firm
0.4948392804482454,0.9047619047619048,2,xgboost,firm
0.5051607195517547,0.9333333333333333,2,xgboost,firm
0.5151872603951637,0.9333333333333333,2,xgboost,firm
0.5252138012385726,0.9333333333333333,2,xgboost,firm
0.5352403420819817,0.9428571428571428,2,xgboost,firm
0.545561781185491,0.9428571428571428,2,xgboost,firm
0.5555883220289001,0.9523809523809523,2,xgboost,firm
0.565614862872309,0.9523809523809523,2,xgboost,firm
0.575641403715718,0.9523809523809523,2,xgboost,firm
0.5859628428192274,0.9523809523809523,2,xgboost,firm
0.5959893836626364,0.9523809523809523,2,xgboost,firm
0.6060159245060455,0.9523809523809523,2,xgboost,firm
0.6160424653494544,0.9523809523809523,2,xgboost,firm
0.6263639044529637,0.9523809523809523,2,xgboost,firm
0.6363904452963728,0.9523809523809523,2,xgboost,firm
0.6464169861397818,0.9523809523809523,2,xgboost,firm
0.6564435269831908,0.9523809523809523,2,xgboost,firm
0.6667649660867001,0.9523809523809523,2,xgboost,firm
0.6767915069301091,0.9523809523809523,2,xgboost,firm
0.6868180477735182,0.9523809523809523,2,xgboost,firm
0.6968445886169271,0.9523809523809523,2,xgboost,firm
0.7068711294603361,0.9523809523809523,2,xgboost,firm
0.7171925685638455,0.9619047619047619,2,xgboost,firm
0.7272191094072545,0.9714285714285714,2,xgboost,firm
0.7372456502506636,0.9809523809523809,2,xgboost,firm
0.7472721910940725,0.9809523809523809,2,xgboost,firm
0.7575936301975819,0.9809523809523809,2,xgboost,firm
0.7676201710409909,0.9809523809523809,2,xgboost,firm
0.7776467118843999,0.9809523809523809,2,xgboost,firm
0.7876732527278089,0.9809523809523809,2,xgboost,firm
0.7979946918313182,0.9904761904761905,2,xgboost,firm
0.8080212326747273,0.9904761904761905,2,xgboost,firm
0.8180477735181363,0.9904761904761905,2,xgboost,firm
0.8280743143615452,0.9904761904761905,2,xgboost,firm
0.8383957534650546,0.9904761904761905,2,xgboost,firm
0.8484222943084636,0.9904761904761905,2,xgboost,firm
0.8584488351518726,1.0,2,xgboost,firm
0.8684753759952816,1.0,2,xgboost,firm
0.8787968150987909,1.0,2,xgboost,firm
0.8888233559422,1.0,2,xgboost,firm
0.898849896785609,1.0,2,xgboost,firm
0.908876437629018,1.0,2,xgboost,firm
0.9191978767325273,1.0,2,xgboost,firm
0.9292244175759363,1.0,2,xgboost,firm
0.9392509584193454,1.0,2,xgboost,firm
0.9492774992627544,1.0,2,xgboost,firm
0.9595989383662636,1.0,2,xgboost,firm
0.9696254792096727,1.0,2,xgboost,firm
0.9796520200530817,1.0,2,xgboost,firm
0.9896785608964908,1.0,2,xgboost,firm
1.0,1.0,2,xgboost,firm
3.104047678172337e-05,0.006329113924050633,2,transformer,window
0.010119195430841818,0.1962025316455696,2,transformer,window
0.02020735038490191,0.2721518987341772,2,transformer,window
0.03032654581574373,0.3291139240506329,2,transformer,window
0.04041470076980382,0.3987341772151899,2,transformer,window
0.05053389620064564,0.43670886075949367,2,transformer,window
0.06062205115470574,0.46835443037974683,2,transformer,window
0.07071020610876583,0.4810126582278481,2,transformer,window
0.08082940153960765,0.4936708860759494,2,transformer,window
0.09091755649366774,0.5189873417721519,2,transformer,window
0.10103675192450956,0.5632911392405063,2,transformer,window
0.11112490687856966,0.5759493670886076,2,transformer,window
0.12121306183262975,0.6012658227848101,2,transformer,window
0.13133225726347156,0.6329113924050633,2,transformer,window
0.14142041221753165,0.6392405063291139,2,transformer,window
0.1515396076483735,0.6582278481012658,2,transformer,window
0.16162776260243358,0.6772151898734177,2,transformer,window
0.17171591755649368,0.689873417721519,2,transformer,window
0.18183511298733548,0.6962025316455697,2,transformer,window
0.19192326794139558,0.7151898734177216,2,transformer,window
0.20204246337223739,0.7341772151898734,2,transformer,window
0.21213061832629748,0.759493670886076,2,transformer,window
0.22221877328035758,0.7848101265822784,2,transformer,window
0.2323379687111994,0.7848101265822784,2,transformer,window
0.2424261236652595,0.7974683544303798,2,transformer,window
0.25254531909610134,0.8164556962025317,2,transformer,window
0.2626334740501614,0.8481012658227848,2,transformer,window
0.2727216290042215,0.8607594936708861,2,transformer,window
0.2828408244350633,0.8670886075949367,2,transformer,window
0.29292897938912343,0.8670886075949367,2,transformer,window
0.3030481748199652,0.8670886075949367,2,transformer,window
0.31313632977402533,0.8734177215189873,2,transformer,window
0.3232244847280854,0.8734177215189873,2,transformer,window
0.33334368015892724,0.8734177215189873,2,transformer,window
0.34343183511298736,0.879746835443038,2,transformer,window
0.35355103054382914,0.8924050632911392,2,transformer,window
0.36363918549788926,0.8924050632911392,2,transformer,window
0.37372734045194933,0.8924050632911392,2,transformer,window
0.38384653588279116,0.8987341772151899,2,transformer,window
0.39393469083685123,0.9113924050632911,2,transformer,window
0.40405388626769306,0.9177215189873418,2,transformer,window
0.4141420412217532,0.9177215189873418,2,transformer,window
0.42423019617581326,0.9240506329113924,2,transformer,window
0.4343493916066551,0.930379746835443,2,transformer,window
0.44443754656071516,0.930379746835443,2,transformer,window
0.454556741991557,0.930379746835443,2,transformer,window
0.46464489694561706,0.9367088607594937,2,transformer,window
0.4747330518996772,0.9367088607594937,2,transformer,window
0.484852247330519,0.9367088607594937,2,transformer,window
0.4949404022845791,0.9493670886075949,2,transformer,window
0.5050595977154209,0.9556962025316456,2,transformer,window
0.515147752669481,0.9683544303797469,2,transformer,window
0.5252669481003228,0.9683544303797469,2,transformer,window
0.5353551030543829,0.9746835443037974,2,transformer,window
0.545443258008443,0.9746835443037974,2,transformer,window
0.5555624534392848,0.9746835443037974,2,transformer,window
0.5656506083933449,0.9746835443037974,2,transformer,window
0.5757698038241867,0.9746835443037974,2,transformer,window
0.5858579587782469,0.9746835443037974,2,transformer,window
0.5959461137323069,0.9746835443037974,2,transformer,window
0.6060653091631487,0.9746835443037974,2,transformer,window
0.6161534641172088,0.9746835443037974,2,transformer,window
0.6262726595480507,0.9746835443037974,2,transformer,window
0.6363608145021108,0.9746835443037974,2,transformer,window
0.6464489694561708,0.9746835443037974,2,transformer,window
0.6565681648870126,0.9746835443037974,2,transformer,window
0.6666563198410728,0.9746835443037974,2,transformer,window
0.6767755152719146,0.9746835443037974,2,transformer,window
0.6868636702259747,0.9746835443037974,2,transformer,window
0.6969518251800347,0.9746835443037974,2,transformer,window
0.7070710206108766,0.9746835443037974,2,transformer,window
0.7171591755649367,0.9746835443037974,2,transformer,window
0.7272783709957785,0.9746835443037974,2,transformer,window
0.7373665259498385,0.9746835443037974,2,transformer,window
0.7474546809038987,0.9746835443037974,2,transformer,window
0.7575738763347405,0.9746835443037974,2,transformer,window
0.7676620312888006,0.9746835443037974,2,transformer,window
0.7777812267196424,0.9746835443037974,2,transformer,window
0.7878693816737025,0.9746835443037974,2,transformer,window
0.7979575366277626,0.9746835443037974,2,transformer,window
0.8080767320586044,0.9810126582278481,2,transformer,window
0.8181648870126645,0.9810126582278481,2,transformer,window
0.8282840824435064,0.9873417721518988,2,transformer,window
0.8383722373975664,0.9873417721518988,2,transformer,window
0.8484603923516265,0.9936708860759493,2,transformer,window
0.8585795877824683,1.0,2,transformer,window
0.8686677427365285,1.0,2,transformer,window
0.8787869381673703,1.0,2,transformer,window
0.8888750931214303,1.0,2,transformer,window
0.8989632480754904,1.0,2,transformer,window
0.9090824435063323,1.0,2,transformer,window
0.9191705984603924,1.0,2,transformer,window
0.9292897938912341,1.0,2,transformer,window
0.9393779488452942,1.0,2,transformer,window
0.9494661037993544,1.0,2,transformer,window
0.9595852992301962,1.0,2,transformer,window
0.9696734541842563,1.0,2,transformer,window
0.979792649615098,1.0,2,transformer,window
0.9898808045691582,1.0,2,transformer,window
1.0,1.0,2,transformer,window
0.0002948982601002654,0.009523809523809525,2,transformer,firm
0.01032143910350929,0.09523809523809523,2,transformer,firm
0.020347979946918313,0.13333333333333333,2,transformer,firm
0.030374520790327337,0.18095238095238095,2,transformer,firm
0.040401061633736364,0.21904761904761905,2,transformer,firm
0.05072250073724565,0.22857142857142856,2,transformer,firm
0.060749041580654674,0.26666666666666666,2,transformer,firm
0.0707755824240637,0.2857142857142857,2,transformer,firm
0.08080212326747273,0.3333333333333333,2,transformer,firm
0.09112356237098201,0.3333333333333333,2,transformer,firm
0.10115010321439104,0.34285714285714286,2,transformer,firm
0.11117664405780006,0.3619047619047619,2,transformer,firm
0.12120318490120909,0.4,2,transformer,firm
0.13152462400471837,0.4380952380952381,2,transformer,firm
0.1415511648481274,0.45714285714285713,2,transformer,firm
0.15157770569153642,0.4666666666666667,2,transformer,firm
0.16160424653494546,0.47619047619047616,2,transformer,firm
0.17192568563845473,0.47619047619047616,2,transformer,firm
0.18195222648186377,0.4857142857142857,2,transformer,firm
0.19197876732527278,0.49523809523809526,2,transformer,firm
0.2020053081686818,0.5142857142857142,2,transformer,firm
0.21232674727219109,0.5238095238095238,2,transformer,firm
0.22235328811560012,0.5238095238095238,2,transformer,firm
0.23237982895900913,0.5523809523809524,2,transformer,firm
0.24240636980241817,0.5619047619047619,2,transformer,firm
0.25272780890592744,0.6095238095238096,2,transformer,firm
0.2627543497493365,0.6190476190476191,2,transformer,firm
0.2727808905927455,0.638095238095238,2,transformer,firm
0.2828074314361545,0.638095238095238,2,transformer,firm
0.2931288705396638,0.6476190476190476,2,transformer,firm
0.30315541138307284,0.6571428571428571,2,transformer,firm
0.3131819522264819,0.6761904761904762,2,transformer,firm
0.3232084930698909,0.6952380952380952,2,transformer,firm
0.33352993217340016,0.6952380952380952,2,transformer,firm
0.3435564730168092,0.7333333333333333,2,transformer,firm
0.35358301386021823,0.7428571428571429,2,transformer,firm
0.36360955470362727,0.7619047619047619,2,transformer,firm
0.37363609554703625,0.7714285714285715,2,transformer,firm
0.38395753465054555,0.7714285714285715,2,transformer,firm
0.3939840754939546,0.780952380952381,2,transformer,firm
0.4040106163373636,0.780952380952381,2,transformer,firm
0.4140371571807726,0.819047619047619,2,transformer,firm
0.4243585962842819,0.8285714285714286,2,transformer,firm
0.43438513712769095,0.8571428571428571,2,transformer,firm
0.4444116779711,0.8571428571428571,2,transformer,firm
0.454438218814509,0.8571428571428571,2,transformer,firm
0.46475965791801827,0.8571428571428571,2,transformer,firm
0.4747861987614273,0.8761904761904762,2,transformer,firm
0.48481273960483634,0.9238095238095239,2,transformer,firm
0.4948392804482454,0.9238095238095239,2,transformer,firm
0.5051607195517547,0.9333333333333333,2,transformer,firm
0.5151872603951637,0.9333333333333333,2,transformer,firm
0.5252138012385726,0.9333333333333333,2,transformer,firm
0.5352403420819817,0.9428571428571428,2,transformer,firm
0.545561781185491,0.9428571428571428,2,transformer,firm
0.5555883220289001,0.9428571428571428,2,transformer,firm
0.565614862872309,0.9428571428571428,2,transformer,firm
0.575641403715718,0.9428571428571428,2,transformer,firm
0.5859628428192274,0.9428571428571428,2,transformer,firm
0.5959893836626364,0.9428571428571428,2,transformer,firm
0.6060159245060455,0.9428571428571428,2,transformer,firm
0.6160424653494544,0.9523809523809523,2,transformer,firm
0.6263639044529637,0.9523809523809523,2,transformer,firm
0.6363904452963728,0.9523809523809523,2,transformer,firm
0.6464169861397818,0.9619047619047619,2,transformer,firm
0.6564435269831908,0.9619047619047619,2,transformer,firm
0.6667649660867001,0.9619047619047619,2,transformer,firm
0.6767915069301091,0.9619047619047619,2,transformer,firm
0.6868180477735182,0.9714285714285714,2,transformer,firm
0.6968445886169271,0.9714285714285714,2,transformer,firm
0.7068711294603361,0.9714285714285714,2,transformer,firm
0.7171925685638455,0.9714285714285714,2,transformer,firm
0.7272191094072545,0.9809523809523809,2,transformer,firm
0.7372456502506636,0.9809523809523809,2,transformer,firm
0.7472721910940725,0.9809523809523809,2,transformer,firm
0.7575936301975819,0.9809523809523809,2,transformer,firm
0.7676201710409909,0.9809523809523809,2,transformer,firm
0.7776467118843999,0.9809523809523809,2,transformer,firm
0.7876732527278089,0.9809523809523809,2,transformer,firm
0.7979946918313182,0.9809523809523809,2,transformer,firm
0.8080212326747273,0.9809523809523809,2,transformer,firm
0.8180477735181363,0.9809523809523809,2,transformer,firm
0.8280743143615452,0.9809523809523809,2,transformer,firm
0.8383957534650546,0.9809523809523809,2,transformer,firm
0.8484222943084636,0.9904761904761905,2,transformer,firm
0.8584488351518726,0.9904761904761905,2,transformer,firm
0.8684753759952816,0.9904761904761905,2,transformer,firm
0.8787968150987909,0.9904761904761905,2,transformer,firm
0.8888233559422,0.9904761904761905,2,transformer,firm
0.898849896785609,0.9904761904761905,2,transformer,firm
0.908876437629018,0.9904761904761905,2,transformer,firm
0.9191978767325273,0.9904761904761905,2,transformer,firm
0.9292244175759363,0.9904761904761905,2,transformer,firm
0.9392509584193454,1.0,2,transformer,firm
0.9492774992627544,1.0,2,transformer,firm
0.9595989383662636,1.0,2,transformer,firm
0.9696254792096727,1.0,2,transformer,firm
0.9796520200530817,1.0,2,transformer,firm
0.9896785608964908,1.0,2,transformer,firm
1.0,1.0,2,transformer,firm
3.104047678172337e-05,0.006329113924050633,2,C_lstm,window
0.010119195430841818,0.25316455696202533,2,C_lstm,window
0.02020735038490191,0.3987341772151899,2,C_lstm,window
0.03032654581574373,0.43670886075949367,2,C_lstm,window
0.04041470076980382,0.4873417721518987,2,C_lstm,window
0.05053389620064564,0.5189873417721519,2,C_lstm,window
0.06062205115470574,0.5443037974683544,2,C_lstm,window
0.07071020610876583,0.5632911392405063,2,C_lstm,window
0.08082940153960765,0.6012658227848101,2,C_lstm,window
0.09091755649366774,0.6265822784810127,2,C_lstm,window
0.10103675192450956,0.6645569620253164,2,C_lstm,window
0.11112490687856966,0.6645569620253164,2,C_lstm,window
0.12121306183262975,0.6772151898734177,2,C_lstm,window
0.13133225726347156,0.6962025316455697,2,C_lstm,window
0.14142041221753165,0.7151898734177216,2,C_lstm,window
0.1515396076483735,0.7278481012658228,2,C_lstm,window
0.16162776260243358,0.7468354430379747,2,C_lstm,window
0.17171591755649368,0.7468354430379747,2,C_lstm,window
0.18183511298733548,0.7784810126582279,2,C_lstm,window
0.19192326794139558,0.8037974683544303,2,C_lstm,window
0.20204246337223739,0.8164556962025317,2,C_lstm,window
0.21213061832629748,0.8164556962025317,2,C_lstm,window
0.22221877328035758,0.8227848101265823,2,C_lstm,window
0.2323379687111994,0.8227848101265823,2,C_lstm,window
0.2424261236652595,0.8291139240506329,2,C_lstm,window
0.25254531909610134,0.8354430379746836,2,C_lstm,window
0.2626334740501614,0.8607594936708861,2,C_lstm,window
0.2727216290042215,0.8607594936708861,2,C_lstm,window
0.2828408244350633,0.8607594936708861,2,C_lstm,window
0.29292897938912343,0.8670886075949367,2,C_lstm,window
0.3030481748199652,0.8670886075949367,2,C_lstm,window
0.31313632977402533,0.8734177215189873,2,C_lstm,window
0.3232244847280854,0.8987341772151899,2,C_lstm,window
0.33334368015892724,0.9050632911392406,2,C_lstm,window
0.34343183511298736,0.9050632911392406,2,C_lstm,window
0.35355103054382914,0.9177215189873418,2,C_lstm,window
0.36363918549788926,0.9177215189873418,2,C_lstm,window
0.37372734045194933,0.9240506329113924,2,C_lstm,window
0.38384653588279116,0.9240506329113924,2,C_lstm,window
0.39393469083685123,0.930379746835443,2,C_lstm,window
0.40405388626769306,0.9367088607594937,2,C_lstm,window
0.4141420412217532,0.9367088607594937,2,C_lstm,window
0.42423019617581326,0.9367088607594937,2,C_lstm,window
0.4343493916066551,0.9367088607594937,2,C_lstm,window
0.44443754656071516,0.9430379746835443,2,C_lstm,window
0.454556741991557,0.9430379746835443,2,C_lstm,window
0.46464489694561706,0.9430379746835443,2,C_lstm,window
0.4747330518996772,0.9430379746835443,2,C_lstm,window
0.484852247330519,0.9493670886075949,2,C_lstm,window
0.4949404022845791,0.9493670886075949,2,C_lstm,window
0.5050595977154209,0.9493670886075949,2,C_lstm,window
0.515147752669481,0.9493670886075949,2,C_lstm,window
0.5252669481003228,0.9493670886075949,2,C_lstm,window
0.5353551030543829,0.9556962025316456,2,C_lstm,window
0.545443258008443,0.9556962025316456,2,C_lstm,window
0.5555624534392848,0.9556962025316456,2,C_lstm,window
0.5656506083933449,0.9620253164556962,2,C_lstm,window
0.5757698038241867,0.9620253164556962,2,C_lstm,window
0.5858579587782469,0.9620253164556962,2,C_lstm,window
0.5959461137323069,0.9620253164556962,2,C_lstm,window
0.6060653091631487,0.9620253164556962,2,C_lstm,window
0.6161534641172088,0.9620253164556962,2,C_lstm,window
0.6262726595480507,0.9620253164556962,2,C_lstm,window
0.6363608145021108,0.9620253164556962,2,C_lstm,window
0.6464489694561708,0.9620253164556962,2,C_lstm,window
0.6565681648870126,0.9683544303797469,2,C_lstm,window
0.6666563198410728,0.9683544303797469,2,C_lstm,window
0.6767755152719146,0.9683544303797469,2,C_lstm,window
0.6868636702259747,0.9683544303797469,2,C_lstm,window
0.6969518251800347,0.9683544303797469,2,C_lstm,window
0.7070710206108766,0.9683544303797469,2,C_lstm,window
0.7171591755649367,0.9746835443037974,2,C_lstm,window
0.7272783709957785,0.9746835443037974,2,C_lstm,window
0.7373665259498385,0.9810126582278481,2,C_lstm,window
0.7474546809038987,0.9810126582278481,2,C_lstm,window
0.7575738763347405,0.9873417721518988,2,C_lstm,window
0.7676620312888006,0.9873417721518988,2,C_lstm,window
0.7777812267196424,0.9936708860759493,2,C_lstm,window
0.7878693816737025,0.9936708860759493,2,C_lstm,window
0.7979575366277626,0.9936708860759493,2,C_lstm,window
0.8080767320586044,1.0,2,C_lstm,window
0.8181648870126645,1.0,2,C_lstm,window
0.8282840824435064,1.0,2,C_lstm,window
0.8383722373975664,1.0,2,C_lstm,window
0.8484603923516265,1.0,2,C_lstm,window
0.8585795877824683,1.0,2,C_lstm,window
0.8686677427365285,1.0,2,C_lstm,window
0.8787869381673703,1.0,2,C_lstm,window
0.8888750931214303,1.0,2,C_lstm,window
0.8989632480754904,1.0,2,C_lstm,window
0.9090824435063323,1.0,2,C_lstm,window
0.9191705984603924,1.0,2,C_lstm,window
0.9292897938912341,1.0,2,C_lstm,window
0.9393779488452942,1.0,2,C_lstm,window
0.9494661037993544,1.0,2,C_lstm,window
0.9595852992301962,1.0,2,C_lstm,window
0.9696734541842563,1.0,2,C_lstm,window
0.979792649615098,1.0,2,C_lstm,window
0.9898808045691582,1.0,2,C_lstm,window
1.0,1.0,2,C_lstm,window
0.0002948982601002654,0.009523809523809525,2,C_lstm,firm
0.01032143910350929,0.14285714285714285,2,C_lstm,firm
0.020347979946918313,0.18095238095238095,2,C_lstm,firm
0.030374520790327337,0.24761904761904763,2,C_lstm,firm
0.040401061633736364,0.3523809523809524,2,C_lstm,firm
0.05072250073724565,0.3523809523809524,2,C_lstm,firm
0.060749041580654674,0.38095238095238093,2,C_lstm,firm
0.0707755824240637,0.4,2,C_lstm,firm
0.08080212326747273,0.4380952380952381,2,C_lstm,firm
0.09112356237098201,0.4666666666666667,2,C_lstm,firm
0.10115010321439104,0.5047619047619047,2,C_lstm,firm
0.11117664405780006,0.5333333333333333,2,C_lstm,firm
0.12120318490120909,0.5714285714285714,2,C_lstm,firm
0.13152462400471837,0.6095238095238096,2,C_lstm,firm
0.1415511648481274,0.638095238095238,2,C_lstm,firm
0.15157770569153642,0.6571428571428571,2,C_lstm,firm
0.16160424653494546,0.6571428571428571,2,C_lstm,firm
0.17192568563845473,0.6666666666666666,2,C_lstm,firm
0.18195222648186377,0.6761904761904762,2,C_lstm,firm
0.19197876732527278,0.6857142857142857,2,C_lstm,firm
0.2020053081686818,0.7238095238095238,2,C_lstm,firm
0.21232674727219109,0.7238095238095238,2,C_lstm,firm
0.22235328811560012,0.7238095238095238,2,C_lstm,firm
0.23237982895900913,0.7428571428571429,2,C_lstm,firm
0.24240636980241817,0.7619047619047619,2,C_lstm,firm
0.25272780890592744,0.7619047619047619,2,C_lstm,firm
0.2627543497493365,0.7714285714285715,2,C_lstm,firm
0.2727808905927455,0.7714285714285715,2,C_lstm,firm
0.2828074314361545,0.7714285714285715,2,C_lstm,firm
0.2931288705396638,0.7714285714285715,2,C_lstm,firm
0.30315541138307284,0.780952380952381,2,C_lstm,firm
0.3131819522264819,0.8,2,C_lstm,firm
0.3232084930698909,0.8,2,C_lstm,firm
0.33352993217340016,0.8285714285714286,2,C_lstm,firm
0.3435564730168092,0.8476190476190476,2,C_lstm,firm
0.35358301386021823,0.8571428571428571,2,C_lstm,firm
0.36360955470362727,0.8571428571428571,2,C_lstm,firm
0.37363609554703625,0.8571428571428571,2,C_lstm,firm
0.38395753465054555,0.8761904761904762,2,C_lstm,firm
0.3939840754939546,0.8761904761904762,2,C_lstm,firm
0.4040106163373636,0.8761904761904762,2,C_lstm,firm
0.4140371571807726,0.8857142857142857,2,C_lstm,firm
0.4243585962842819,0.8857142857142857,2,C_lstm,firm
0.43438513712769095,0.8952380952380953,2,C_lstm,firm
0.4444116779711,0.9142857142857143,2,C_lstm,firm
0.454438218814509,0.9238095238095239,2,C_lstm,firm
0.46475965791801827,0.9238095238095239,2,C_lstm,firm
0.4747861987614273,0.9238095238095239,2,C_lstm,firm
0.48481273960483634,0.9333333333333333,2,C_lstm,firm
0.4948392804482454,0.9428571428571428,2,C_lstm,firm
0.5051607195517547,0.9428571428571428,2,C_lstm,firm
0.5151872603951637,0.9428571428571428,2,C_lstm,firm
0.5252138012385726,0.9523809523809523,2,C_lstm,firm
0.5352403420819817,0.9523809523809523,2,C_lstm,firm
0.545561781185491,0.9523809523809523,2,C_lstm,firm
0.5555883220289001,0.9523809523809523,2,C_lstm,firm
0.565614862872309,0.9523809523809523,2,C_lstm,firm
0.575641403715718,0.9619047619047619,2,C_lstm,firm
0.5859628428192274,0.9619047619047619,2,C_lstm,firm
0.5959893836626364,0.9619047619047619,2,C_lstm,firm
0.6060159245060455,0.9619047619047619,2,C_lstm,firm
0.6160424653494544,0.9619047619047619,2,C_lstm,firm
0.6263639044529637,0.9619047619047619,2,C_lstm,firm
0.6363904452963728,0.9619047619047619,2,C_lstm,firm
0.6464169861397818,0.9619047619047619,2,C_lstm,firm
0.6564435269831908,0.9714285714285714,2,C_lstm,firm
0.6667649660867001,0.9714285714285714,2,C_lstm,firm
0.6767915069301091,0.9714285714285714,2,C_lstm,firm
0.6868180477735182,0.9714285714285714,2,C_lstm,firm
0.6968445886169271,0.9714285714285714,2,C_lstm,firm
0.7068711294603361,0.9714285714285714,2,C_lstm,firm
0.7171925685638455,0.9714285714285714,2,C_lstm,firm
0.7272191094072545,0.9809523809523809,2,C_lstm,firm
0.7372456502506636,0.9809523809523809,2,C_lstm,firm
0.7472721910940725,0.9809523809523809,2,C_lstm,firm
0.7575936301975819,0.9809523809523809,2,C_lstm,firm
0.7676201710409909,0.9809523809523809,2,C_lstm,firm
0.7776467118843999,0.9809523809523809,2,C_lstm,firm
0.7876732527278089,0.9809523809523809,2,C_lstm,firm
0.7979946918313182,0.9809523809523809,2,C_lstm,firm
0.8080212326747273,0.9809523809523809,2,C_lstm,firm
0.8180477735181363,0.9809523809523809,2,C_lstm,firm
0.8280743143615452,0.9904761904761905,2,C_lstm,firm
0.8383957534650546,0.9904761904761905,2,C_lstm,firm
0.8484222943084636,0.9904761904761905,2,C_lstm,firm
0.8584488351518726,1.0,2,C_lstm,firm
0.8684753759952816,1.0,2,C_lstm,firm
0.8787968150987909,1.0,2,C_lstm,firm
0.8888233559422,1.0,2,C_lstm,firm
0.898849896785609,1.0,2,C_lstm,firm
0.908876437629018,1.0,2,C_lstm,firm
0.9191978767325273,1.0,2,C_lstm,firm
0.9292244175759363,1.0,2,C_lstm,firm
0.9392509584193454,1.0,2,C_lstm,firm
0.9492774992627544,1.0,2,C_lstm,firm
0.9595989383662636,1.0,2,C_lstm,firm
0.9696254792096727,1.0,2,C_lstm,firm
0.9796520200530817,1.0,2,C_lstm,firm
0.9896785608964908,1.0,2,C_lstm,firm
1.0,1.0,2,C_lstm,firm
3.104047678172337e-05,0.0,3,altman_zdp,window
0.010119195430841818,0.0038461538461538464,3,altman_zdp,window
0.02020735038490191,0.011538461538461539,3,altman_zdp,window
0.03032654581574373,0.026923076923076925,3,altman_zdp,window
0.04041470076980382,0.07307692307692308,3,altman_zdp,window
0.05053389620064564,0.13076923076923078,3,altman_zdp,window
0.06062205115470574,0.16923076923076924,3,altman_zdp,window
0.07071020610876583,0.2230769230769231,3,altman_zdp,window
0.08082940153960765,0.28076923076923077,3,altman_zdp,window
0.09091755649366774,0.3076923076923077,3,altman_zdp,window
0.10103675192450956,0.3423076923076923,3,altman_zdp,window
0.11112490687856966,0.38076923076923075,3,altman_zdp,window
0.12121306183262975,0.4230769230769231,3,altman_zdp,window
0.13133225726347156,0.45384615384615384,3,altman_zdp,window
0.14142041221753165,0.47692307692307695,3,altman_zdp,window
0.1515396076483735,0.49615384615384617,3,altman_zdp,window
0.16162776260243358,0.5076923076923077,3,altman_zdp,window
0.17171591755649368,0.5384615384615384,3,altman_zdp,window
0.18183511298733548,0.5653846153846154,3,altman_zdp,window
0.19192326794139558,0.6,3,altman_zdp,window
0.20204246337223739,0.6423076923076924,3,altman_zdp,window
0.21213061832629748,0.6923076923076923,3,altman_zdp,window
0.22221877328035758,0.7423076923076923,3,altman_zdp,window
0.2323379687111994,0.7576923076923077,3,altman_zdp,window
0.2424261236652595,0.7807692307692308,3,altman_zdp,window
0.25254531909610134,0.8038461538461539,3,altman_zdp,window
0.2626334740501614,0.8115384615384615,3,altman_zdp,window
0.2727216290042215,0.8269230769230769,3,altman_zdp,window
0.2828408244350633,0.8423076923076923,3,altman_zdp,window
0.29292897938912343,0.8461538461538461,3,altman_zdp,window
0.3030481748199652,0.8653846153846154,3,altman_zdp,window
0.31313632977402533,0.8692307692307693,3,altman_zdp,window
0.3232244847280854,0.8807692307692307,3,altman_zdp,window
0.33334368015892724,0.9,3,altman_zdp,window
0.34343183511298736,0.9,3,altman_zdp,window
0.35355103054382914,0.9076923076923077,3,altman_zdp,window
0.36363918549788926,0.9115384615384615,3,altman_zdp,window
0.37372734045194933,0.9192307692307692,3,altman_zdp,window
0.38384653588279116,0.9230769230769231,3,altman_zdp,window
0.39393469083685123,0.926923076923077,3,altman_zdp,window
0.40405388626769306,0.9307692307692308,3,altman_zdp,window
0.4141420412217532,0.9346153846153846,3,altman_zdp,window
0.42423019617581326,0.9346153846153846,3,altman_zdp,window
0.4343493916066551,0.9346153846153846,3,altman_zdp,window
0.44443754656071516,0.9423076923076923,3,altman_zdp,window
0.454556741991557,0.9461538461538461,3,altman_zdp,window
0.46464489694561706,0.9461538461538461,3,altman_zdp,window
0.4747330518996772,0.9538461538461539,3,altman_zdp,window
0.484852247330519,0.9576923076923077,3,altman_zdp,window
0.4949404022845791,0.9576923076923077,3,altman_zdp,window
0.5050595977154209,0.9576923076923077,3,altman_zdp,window
0.515147752669481,0.9576923076923077,3,altman_zdp,window
0.5252669481003228,0.9576923076923077,3,altman_zdp,window
0.5353551030543829,0.9576923076923077,3,altman_zdp,window
0.545443258008443,0.9576923076923077,3,altman_zdp,window
0.5555624534392848,0.9615384615384616,3,altman_zdp,window
0.5656506083933449,0.9615384615384616,3,altman_zdp,window
0.5757698038241867,0.9615384615384616,3,altman_zdp,window
0.5858579587782469,0.9615384615384616,3,altman_zdp,window
0.5959461137323069,0.9653846153846154,3,altman_zdp,window
0.6060653091631487,0.9692307692307692,3,altman_zdp,window
0.6161534641172088,0.9807692307692307,3,altman_zdp,window
0.6262726595480507,0.9807692307692307,3,altman_zdp,window
0.6363608145021108,0.9846153846153847,3,altman_zdp,window
0.6464489694561708,0.9884615384615385,3,altman_zdp,window
0.6565681648870126,0.9884615384615385,3,altman_zdp,window
0.6666563198410728,0.9923076923076923,3,altman_zdp,window
0.6767755152719146,0.9961538461538462,3,altman_zdp,window
0.6868636702259747,0.9961538461538462,3,altman_zdp,window
0.6969518251800347,0.9961538461538462,3,altman_zdp,window
0.7070710206108766,0.9961538461538462,3,altman_zdp,window
0.7171591755649367,0.9961538461538462,3,altman_zdp,window
0.7272783709957785,0.9961538461538462,3,altman_zdp,window
0.7373665259498385,0.9961538461538462,3,altman_zdp,window
0.7474546809038987,0.9961538461538462,3,altman_zdp,window
0.7575738763347405,0.9961538461538462,3,altman_zdp,window
0.7676620312888006,0.9961538461538462,3,altman_zdp,window
0.7777812267196424,0.9961538461538462,3,altman_zdp,window
0.7878693816737025,0.9961538461538462,3,altman_zdp,window
0.7979575366277626,0.9961538461538462,3,altman_zdp,window
0.8080767320586044,0.9961538461538462,3,altman_zdp,window
0.8181648870126645,1.0,3,altman_zdp,window
0.8282840824435064,1.0,3,altman_zdp,window
0.8383722373975664,1.0,3,altman_zdp,window
0.8484603923516265,1.0,3,altman_zdp,window
0.8585795877824683,1.0,3,altman_zdp,window
0.8686677427365285,1.0,3,altman_zdp,window
0.8787869381673703,1.0,3,altman_zdp,window
0.8888750931214303,1.0,3,altman_zdp,window
0.8989632480754904,1.0,3,altman_zdp,window
0.9090824435063323,1.0,3,altman_zdp,window
0.9191705984603924,1.0,3,altman_zdp,window
0.9292897938912341,1.0,3,altman_zdp,window
0.9393779488452942,1.0,3,altman_zdp,window
0.9494661037993544,1.0,3,altman_zdp,window
0.9595852992301962,1.0,3,altman_zdp,window
0.9696734541842563,1.0,3,altman_zdp,window
0.979792649615098,1.0,3,altman_zdp,window
0.9898808045691582,1.0,3,altman_zdp,window
1.0,1.0,3,altman_zdp,window
0.0002948982601002654,0.0,3,altman_zdp,firm
0.01032143910350929,0.0,3,altman_zdp,firm
0.020347979946918313,0.008620689655172414,3,altman_zdp,firm
0.030374520790327337,0.017241379310344827,3,altman_zdp,firm
0.040401061633736364,0.02586206896551724,3,altman_zdp,firm
0.05072250073724565,0.02586206896551724,3,altman_zdp,firm
0.060749041580654674,0.05172413793103448,3,altman_zdp,firm
0.0707755824240637,0.08620689655172414,3,altman_zdp,firm
0.08080212326747273,0.11206896551724138,3,altman_zdp,firm
0.09112356237098201,0.12931034482758622,3,altman_zdp,firm
0.10115010321439104,0.1724137931034483,3,altman_zdp,firm
0.11117664405780006,0.21551724137931033,3,altman_zdp,firm
0.12120318490120909,0.23275862068965517,3,altman_zdp,firm
0.13152462400471837,0.25862068965517243,3,altman_zdp,firm
0.1415511648481274,0.3017241379310345,3,altman_zdp,firm
0.15157770569153642,0.3448275862068966,3,altman_zdp,firm
0.16160424653494546,0.35344827586206895,3,altman_zdp,firm
0.17192568563845473,0.3620689655172414,3,altman_zdp,firm
0.18195222648186377,0.39655172413793105,3,altman_zdp,firm
0.19197876732527278,0.4396551724137931,3,altman_zdp,firm
0.2020053081686818,0.45689655172413796,3,altman_zdp,firm
0.21232674727219109,0.5172413793103449,3,altman_zdp,firm
0.22235328811560012,0.5172413793103449,3,altman_zdp,firm
0.23237982895900913,0.5603448275862069,3,altman_zdp,firm
0.24240636980241817,0.5689655172413793,3,altman_zdp,firm
0.25272780890592744,0.5862068965517241,3,altman_zdp,firm
0.2627543497493365,0.5948275862068966,3,altman_zdp,firm
0.2727808905927455,0.6206896551724138,3,altman_zdp,firm
0.2828074314361545,0.646551724137931,3,altman_zdp,firm
0.2931288705396638,0.6896551724137931,3,altman_zdp,firm
0.30315541138307284,0.7327586206896551,3,altman_zdp,firm
0.3131819522264819,0.7586206896551724,3,altman_zdp,firm
0.3232084930698909,0.7758620689655172,3,altman_zdp,firm
0.33352993217340016,0.8017241379310345,3,altman_zdp,firm
0.3435564730168092,0.8362068965517241,3,altman_zdp,firm
0.35358301386021823,0.853448275862069,3,altman_zdp,firm
0.36360955470362727,0.8620689655172413,3,altman_zdp,firm
0.37363609554703625,0.8706896551724138,3,altman_zdp,firm
0.38395753465054555,0.8793103448275862,3,altman_zdp,firm
0.3939840754939546,0.8793103448275862,3,altman_zdp,firm
0.4040106163373636,0.8793103448275862,3,altman_zdp,firm
0.4140371571807726,0.9051724137931034,3,altman_zdp,firm
0.4243585962842819,0.9051724137931034,3,altman_zdp,firm
0.43438513712769095,0.9051724137931034,3,altman_zdp,firm
0.4444116779711,0.9137931034482759,3,altman_zdp,firm
0.454438218814509,0.9224137931034483,3,altman_zdp,firm
0.46475965791801827,0.9224137931034483,3,altman_zdp,firm
0.4747861987614273,0.9224137931034483,3,altman_zdp,firm
0.48481273960483634,0.9310344827586207,3,altman_zdp,firm
0.4948392804482454,0.9310344827586207,3,altman_zdp,firm
0.5051607195517547,0.9396551724137931,3,altman_zdp,firm
0.5151872603951637,0.9482758620689655,3,altman_zdp,firm
0.5252138012385726,0.9482758620689655,3,altman_zdp,firm
0.5352403420819817,0.9482758620689655,3,altman_zdp,firm
0.545561781185491,0.9568965517241379,3,altman_zdp,firm
0.5555883220289001,0.9568965517241379,3,altman_zdp,firm
0.565614862872309,0.9741379310344828,3,altman_zdp,firm
0.575641403715718,0.9741379310344828,3,altman_zdp,firm
0.5859628428192274,0.9741379310344828,3,altman_zdp,firm
0.5959893836626364,0.9741379310344828,3,altman_zdp,firm
0.6060159245060455,0.9741379310344828,3,altman_zdp,firm
0.6160424653494544,0.9741379310344828,3,altman_zdp,firm
0.6263639044529637,0.9741379310344828,3,altman_zdp,firm
0.6363904452963728,0.9741379310344828,3,altman_zdp,firm
0.6464169861397818,0.9827586206896551,3,altman_zdp,firm
0.6564435269831908,0.9827586206896551,3,altman_zdp,firm
0.6667649660867001,0.9827586206896551,3,altman_zdp,firm
0.6767915069301091,0.9827586206896551,3,altman_zdp,firm
0.6868180477735182,0.9827586206896551,3,altman_zdp,firm
0.6968445886169271,0.9913793103448276,3,altman_zdp,firm
0.7068711294603361,0.9913793103448276,3,altman_zdp,firm
0.7171925685638455,0.9913793103448276,3,altman_zdp,firm
0.7272191094072545,0.9913793103448276,3,altman_zdp,firm
0.7372456502506636,1.0,3,altman_zdp,firm
0.7472721910940725,1.0,3,altman_zdp,firm
0.7575936301975819,1.0,3,altman_zdp,firm
0.7676201710409909,1.0,3,altman_zdp,firm
0.7776467118843999,1.0,3,altman_zdp,firm
0.7876732527278089,1.0,3,altman_zdp,firm
0.7979946918313182,1.0,3,altman_zdp,firm
0.8080212326747273,1.0,3,altman_zdp,firm
0.8180477735181363,1.0,3,altman_zdp,firm
0.8280743143615452,1.0,3,altman_zdp,firm
0.8383957534650546,1.0,3,altman_zdp,firm
0.8484222943084636,1.0,3,altman_zdp,firm
0.8584488351518726,1.0,3,altman_zdp,firm
0.8684753759952816,1.0,3,altman_zdp,firm
0.8787968150987909,1.0,3,altman_zdp,firm
0.8888233559422,1.0,3,altman_zdp,firm
0.898849896785609,1.0,3,altman_zdp,firm
0.908876437629018,1.0,3,altman_zdp,firm
0.9191978767325273,1.0,3,altman_zdp,firm
0.9292244175759363,1.0,3,altman_zdp,firm
0.9392509584193454,1.0,3,altman_zdp,firm
0.9492774992627544,1.0,3,altman_zdp,firm
0.9595989383662636,1.0,3,altman_zdp,firm
0.9696254792096727,1.0,3,altman_zdp,firm
0.9796520200530817,1.0,3,altman_zdp,firm
0.9896785608964908,1.0,3,altman_zdp,firm
1.0,1.0,3,altman_zdp,firm
3.104047678172337e-05,0.0038461538461538464,3,xgboost,window
0.010119195430841818,0.23846153846153847,3,xgboost,window
0.02020735038490191,0.3,3,xgboost,window
0.03032654581574373,0.3730769230769231,3,xgboost,window
0.04041470076980382,0.41923076923076924,3,xgboost,window
0.05053389620064564,0.45384615384615384,3,xgboost,window
0.06062205115470574,0.5038461538461538,3,xgboost,window
0.07071020610876583,0.5461538461538461,3,xgboost,window
0.08082940153960765,0.5884615384615385,3,xgboost,window
0.09091755649366774,0.6192307692307693,3,xgboost,window
0.10103675192450956,0.65,3,xgboost,window
0.11112490687856966,0.6807692307692308,3,xgboost,window
0.12121306183262975,0.6923076923076923,3,xgboost,window
0.13133225726347156,0.7076923076923077,3,xgboost,window
0.14142041221753165,0.7423076923076923,3,xgboost,window
0.1515396076483735,0.7653846153846153,3,xgboost,window
0.16162776260243358,0.7923076923076923,3,xgboost,window
0.17171591755649368,0.7923076923076923,3,xgboost,window
0.18183511298733548,0.8038461538461539,3,xgboost,window
0.19192326794139558,0.823076923076923,3,xgboost,window
0.20204246337223739,0.8269230769230769,3,xgboost,window
0.21213061832629748,0.8307692307692308,3,xgboost,window
0.22221877328035758,0.8346153846153846,3,xgboost,window
0.2323379687111994,0.8384615384615385,3,xgboost,window
0.2424261236652595,0.8576923076923076,3,xgboost,window
0.25254531909610134,0.8653846153846154,3,xgboost,window
0.2626334740501614,0.8807692307692307,3,xgboost,window
0.2727216290042215,0.8961538461538462,3,xgboost,window
0.2828408244350633,0.9038461538461539,3,xgboost,window
0.29292897938912343,0.9115384615384615,3,xgboost,window
0.3030481748199652,0.9153846153846154,3,xgboost,window
0.31313632977402533,0.9153846153846154,3,xgboost,window
0.3232244847280854,0.9230769230769231,3,xgboost,window
0.33334368015892724,0.9423076923076923,3,xgboost,window
0.34343183511298736,0.9461538461538461,3,xgboost,window
0.35355103054382914,0.9576923076923077,3,xgboost,window
0.36363918549788926,0.9576923076923077,3,xgboost,window
0.37372734045194933,0.9576923076923077,3,xgboost,window
0.38384653588279116,0.9576923076923077,3,xgboost,window
0.39393469083685123,0.9576923076923077,3,xgboost,window
0.40405388626769306,0.9615384615384616,3,xgboost,window
0.4141420412217532,0.9615384615384616,3,xgboost,window
0.42423019617581326,0.9653846153846154,3,xgboost,window
0.4343493916066551,0.9769230769230769,3,xgboost,window
0.44443754656071516,0.9807692307692307,3,xgboost,window
0.454556741991557,0.9807692307692307,3,xgboost,window
0.46464489694561706,0.9807692307692307,3,xgboost,window
0.4747330518996772,0.9807692307692307,3,xgboost,window
0.484852247330519,0.9807692307692307,3,xgboost,window
0.4949404022845791,0.9846153846153847,3,xgboost,window
0.5050595977154209,0.9846153846153847,3,xgboost,window
0.515147752669481,0.9846153846153847,3,xgboost,window
0.5252669481003228,0.9884615384615385,3,xgboost,window
0.5353551030543829,0.9884615384615385,3,xgboost,window
0.545443258008443,0.9884615384615385,3,xgboost,window
0.5555624534392848,0.9884615384615385,3,xgboost,window
0.5656506083933449,0.9884615384615385,3,xgboost,window
0.5757698038241867,0.9884615384615385,3,xgboost,window
0.5858579587782469,0.9923076923076923,3,xgboost,window
0.5959461137323069,0.9923076923076923,3,xgboost,window
0.6060653091631487,0.9923076923076923,3,xgboost,window
0.6161534641172088,0.9923076923076923,3,xgboost,window
0.6262726595480507,0.9923076923076923,3,xgboost,window
0.6363608145021108,0.9923076923076923,3,xgboost,window
0.6464489694561708,0.9961538461538462,3,xgboost,window
0.6565681648870126,0.9961538461538462,3,xgboost,window
0.6666563198410728,0.9961538461538462,3,xgboost,window
0.6767755152719146,0.9961538461538462,3,xgboost,window
0.6868636702259747,0.9961538461538462,3,xgboost,window
0.6969518251800347,0.9961538461538462,3,xgboost,window
0.7070710206108766,0.9961538461538462,3,xgboost,window
0.7171591755649367,0.9961538461538462,3,xgboost,window
0.7272783709957785,0.9961538461538462,3,xgboost,window
0.7373665259498385,0.9961538461538462,3,xgboost,window
0.7474546809038987,0.9961538461538462,3,xgboost,window
0.7575738763347405,0.9961538461538462,3,xgboost,window
0.7676620312888006,0.9961538461538462,3,xgboost,window
0.7777812267196424,1.0,3,xgboost,window
0.7878693816737025,1.0,3,xgboost,window
0.7979575366277626,1.0,3,xgboost,window
0.8080767320586044,1.0,3,xgboost,window
0.8181648870126645,1.0,3,xgboost,window
0.8282840824435064,1.0,3,xgboost,window
0.8383722373975664,1.0,3,xgboost,window
0.8484603923516265,1.0,3,xgboost,window
0.8585795877824683,1.0,3,xgboost,window
0.8686677427365285,1.0,3,xgboost,window
0.8787869381673703,1.0,3,xgboost,window
0.8888750931214303,1.0,3,xgboost,window
0.8989632480754904,1.0,3,xgboost,window
0.9090824435063323,1.0,3,xgboost,window
0.9191705984603924,1.0,3,xgboost,window
0.9292897938912341,1.0,3,xgboost,window
0.9393779488452942,1.0,3,xgboost,window
0.9494661037993544,1.0,3,xgboost,window
0.9595852992301962,1.0,3,xgboost,window
0.9696734541842563,1.0,3,xgboost,window
0.979792649615098,1.0,3,xgboost,window
0.9898808045691582,1.0,3,xgboost,window
1.0,1.0,3,xgboost,window
0.0002948982601002654,0.008620689655172414,3,xgboost,firm
0.01032143910350929,0.12931034482758622,3,xgboost,firm
0.020347979946918313,0.1896551724137931,3,xgboost,firm
0.030374520790327337,0.27586206896551724,3,xgboost,firm
0.040401061633736364,0.3275862068965517,3,xgboost,firm
0.05072250073724565,0.35344827586206895,3,xgboost,firm
0.060749041580654674,0.4051724137931034,3,xgboost,firm
0.0707755824240637,0.4224137931034483,3,xgboost,firm
0.08080212326747273,0.4224137931034483,3,xgboost,firm
0.09112356237098201,0.4482758620689655,3,xgboost,firm
0.10115010321439104,0.46551724137931033,3,xgboost,firm
0.11117664405780006,0.49137931034482757,3,xgboost,firm
0.12120318490120909,0.5258620689655172,3,xgboost,firm
0.13152462400471837,0.5689655172413793,3,xgboost,firm
0.1415511648481274,0.5862068965517241,3,xgboost,firm
0.15157770569153642,0.6120689655172413,3,xgboost,firm
0.16160424653494546,0.6379310344827587,3,xgboost,firm
0.17192568563845473,0.646551724137931,3,xgboost,firm
0.18195222648186377,0.6637931034482759,3,xgboost,firm
0.19197876732527278,0.6810344827586207,3,xgboost,firm
0.2020053081686818,0.6896551724137931,3,xgboost,firm
0.21232674727219109,0.6982758620689655,3,xgboost,firm
0.22235328811560012,0.6982758620689655,3,xgboost,firm
0.23237982895900913,0.7155172413793104,3,xgboost,firm
0.24240636980241817,0.7241379310344828,3,xgboost,firm
0.25272780890592744,0.7327586206896551,3,xgboost,firm
0.2627543497493365,0.7327586206896551,3,xgboost,firm
0.2727808905927455,0.7413793103448276,3,xgboost,firm
0.2828074314361545,0.75,3,xgboost,firm
0.2931288705396638,0.7672413793103449,3,xgboost,firm
0.30315541138307284,0.7931034482758621,3,xgboost,firm
0.3131819522264819,0.8017241379310345,3,xgboost,firm
0.3232084930698909,0.8017241379310345,3,xgboost,firm
0.33352993217340016,0.8103448275862069,3,xgboost,firm
0.3435564730168092,0.8189655172413793,3,xgboost,firm
0.35358301386021823,0.8189655172413793,3,xgboost,firm
0.36360955470362727,0.8275862068965517,3,xgboost,firm
0.37363609554703625,0.853448275862069,3,xgboost,firm
0.38395753465054555,0.8620689655172413,3,xgboost,firm
0.3939840754939546,0.8620689655172413,3,xgboost,firm
0.4040106163373636,0.8793103448275862,3,xgboost,firm
0.4140371571807726,0.8793103448275862,3,xgboost,firm
0.4243585962842819,0.8793103448275862,3,xgboost,firm
0.43438513712769095,0.8793103448275862,3,xgboost,firm
0.4444116779711,0.8793103448275862,3,xgboost,firm
0.454438218814509,0.8879310344827587,3,xgboost,firm
0.46475965791801827,0.8879310344827587,3,xgboost,firm
0.4747861987614273,0.8879310344827587,3,xgboost,firm
0.48481273960483634,0.8879310344827587,3,xgboost,firm
0.4948392804482454,0.8879310344827587,3,xgboost,firm
0.5051607195517547,0.8879310344827587,3,xgboost,firm
0.5151872603951637,0.896551724137931,3,xgboost,firm
0.5252138012385726,0.896551724137931,3,xgboost,firm
0.5352403420819817,0.9224137931034483,3,xgboost,firm
0.545561781185491,0.9310344827586207,3,xgboost,firm
0.5555883220289001,0.9396551724137931,3,xgboost,firm
0.565614862872309,0.9396551724137931,3,xgboost,firm
0.575641403715718,0.9396551724137931,3,xgboost,firm
0.5859628428192274,0.9482758620689655,3,xgboost,firm
0.5959893836626364,0.9482758620689655,3,xgboost,firm
0.6060159245060455,0.9482758620689655,3,xgboost,firm
0.6160424653494544,0.9482758620689655,3,xgboost,firm
0.6263639044529637,0.9482758620689655,3,xgboost,firm
0.6363904452963728,0.9482758620689655,3,xgboost,firm
0.6464169861397818,0.9741379310344828,3,xgboost,firm
0.6564435269831908,0.9741379310344828,3,xgboost,firm
0.6667649660867001,0.9827586206896551,3,xgboost,firm
0.6767915069301091,0.9827586206896551,3,xgboost,firm
0.6868180477735182,0.9827586206896551,3,xgboost,firm
0.6968445886169271,0.9827586206896551,3,xgboost,firm
0.7068711294603361,0.9827586206896551,3,xgboost,firm
0.7171925685638455,0.9827586206896551,3,xgboost,firm
0.7272191094072545,0.9827586206896551,3,xgboost,firm
0.7372456502506636,0.9827586206896551,3,xgboost,firm
0.7472721910940725,0.9913793103448276,3,xgboost,firm
0.7575936301975819,1.0,3,xgboost,firm
0.7676201710409909,1.0,3,xgboost,firm
0.7776467118843999,1.0,3,xgboost,firm
0.7876732527278089,1.0,3,xgboost,firm
0.7979946918313182,1.0,3,xgboost,firm
0.8080212326747273,1.0,3,xgboost,firm
0.8180477735181363,1.0,3,xgboost,firm
0.8280743143615452,1.0,3,xgboost,firm
0.8383957534650546,1.0,3,xgboost,firm
0.8484222943084636,1.0,3,xgboost,firm
0.8584488351518726,1.0,3,xgboost,firm
0.8684753759952816,1.0,3,xgboost,firm
0.8787968150987909,1.0,3,xgboost,firm
0.8888233559422,1.0,3,xgboost,firm
0.898849896785609,1.0,3,xgboost,firm
0.908876437629018,1.0,3,xgboost,firm
0.9191978767325273,1.0,3,xgboost,firm
0.9292244175759363,1.0,3,xgboost,firm
0.9392509584193454,1.0,3,xgboost,firm
0.9492774992627544,1.0,3,xgboost,firm
0.9595989383662636,1.0,3,xgboost,firm
0.9696254792096727,1.0,3,xgboost,firm
0.9796520200530817,1.0,3,xgboost,firm
0.9896785608964908,1.0,3,xgboost,firm
1.0,1.0,3,xgboost,firm
3.104047678172337e-05,0.0,3,transformer,window
0.010119195430841818,0.18461538461538463,3,transformer,window
0.02020735038490191,0.23461538461538461,3,transformer,window
0.03032654581574373,0.3076923076923077,3,transformer,window
0.04041470076980382,0.34615384615384615,3,transformer,window
0.05053389620064564,0.39615384615384613,3,transformer,window
0.06062205115470574,0.41923076923076924,3,transformer,window
0.07071020610876583,0.4461538461538462,3,transformer,window
0.08082940153960765,0.4807692307692308,3,transformer,window
0.09091755649366774,0.5076923076923077,3,transformer,window
0.10103675192450956,0.5269230769230769,3,transformer,window
0.11112490687856966,0.5653846153846154,3,transformer,window
0.12121306183262975,0.5846153846153846,3,transformer,window
0.13133225726347156,0.6269230769230769,3,transformer,window
0.14142041221753165,0.65,3,transformer,window
0.1515396076483735,0.676923076923077,3,transformer,window
0.16162776260243358,0.6923076923076923,3,transformer,window
0.17171591755649368,0.7192307692307692,3,transformer,window
0.18183511298733548,0.7346153846153847,3,transformer,window
0.19192326794139558,0.7538461538461538,3,transformer,window
0.20204246337223739,0.7692307692307693,3,transformer,window
0.21213061832629748,0.7730769230769231,3,transformer,window
0.22221877328035758,0.7769230769230769,3,transformer,window
0.2323379687111994,0.7884615384615384,3,transformer,window
0.2424261236652595,0.7961538461538461,3,transformer,window
0.25254531909610134,0.8269230769230769,3,transformer,window
0.2626334740501614,0.8384615384615385,3,transformer,window
0.2727216290042215,0.8423076923076923,3,transformer,window
0.2828408244350633,0.8653846153846154,3,transformer,window
0.29292897938912343,0.8692307692307693,3,transformer,window
0.3030481748199652,0.8730769230769231,3,transformer,window
0.31313632977402533,0.8807692307692307,3,transformer,window
0.3232244847280854,0.9038461538461539,3,transformer,window
0.33334368015892724,0.9115384615384615,3,transformer,window
0.34343183511298736,0.9230769230769231,3,transformer,window
0.35355103054382914,0.926923076923077,3,transformer,window
0.36363918549788926,0.9346153846153846,3,transformer,window
0.37372734045194933,0.9423076923076923,3,transformer,window
0.38384653588279116,0.9461538461538461,3,transformer,window
0.39393469083685123,0.95,3,transformer,window
0.40405388626769306,0.9576923076923077,3,transformer,window
0.4141420412217532,0.9576923076923077,3,transformer,window
0.42423019617581326,0.9615384615384616,3,transformer,window
0.4343493916066551,0.9653846153846154,3,transformer,window
0.44443754656071516,0.9692307692307692,3,transformer,window
0.454556741991557,0.9692307692307692,3,transformer,window
0.46464489694561706,0.9730769230769231,3,transformer,window
0.4747330518996772,0.9730769230769231,3,transformer,window
0.484852247330519,0.9769230769230769,3,transformer,window
0.4949404022845791,0.9769230769230769,3,transformer,window
0.5050595977154209,0.9769230769230769,3,transformer,window
0.515147752669481,0.9769230769230769,3,transformer,window
0.5252669481003228,0.9769230769230769,3,transformer,window
0.5353551030543829,0.9769230769230769,3,transformer,window
0.545443258008443,0.9769230769230769,3,transformer,window
0.5555624534392848,0.9769230769230769,3,transformer,window
0.5656506083933449,0.9769230769230769,3,transformer,window
0.5757698038241867,0.9769230769230769,3,transformer,window
0.5858579587782469,0.9807692307692307,3,transformer,window
0.5959461137323069,0.9807692307692307,3,transformer,window
0.6060653091631487,0.9807692307692307,3,transformer,window
0.6161534641172088,0.9807692307692307,3,transformer,window
0.6262726595480507,0.9807692307692307,3,transformer,window
0.6363608145021108,0.9807692307692307,3,transformer,window
0.6464489694561708,0.9807692307692307,3,transformer,window
0.6565681648870126,0.9807692307692307,3,transformer,window
0.6666563198410728,0.9807692307692307,3,transformer,window
0.6767755152719146,0.9807692307692307,3,transformer,window
0.6868636702259747,0.9807692307692307,3,transformer,window
0.6969518251800347,0.9807692307692307,3,transformer,window
0.7070710206108766,0.9807692307692307,3,transformer,window
0.7171591755649367,0.9807692307692307,3,transformer,window
0.7272783709957785,0.9807692307692307,3,transformer,window
0.7373665259498385,0.9807692307692307,3,transformer,window
0.7474546809038987,0.9807692307692307,3,transformer,window
0.7575738763347405,0.9807692307692307,3,transformer,window
0.7676620312888006,0.9807692307692307,3,transformer,window
0.7777812267196424,0.9807692307692307,3,transformer,window
0.7878693816737025,0.9807692307692307,3,transformer,window
0.7979575366277626,0.9807692307692307,3,transformer,window
0.8080767320586044,0.9807692307692307,3,transformer,window
0.8181648870126645,0.9846153846153847,3,transformer,window
0.8282840824435064,0.9846153846153847,3,transformer,window
0.8383722373975664,0.9884615384615385,3,transformer,window
0.8484603923516265,0.9884615384615385,3,transformer,window
0.8585795877824683,0.9884615384615385,3,transformer,window
0.8686677427365285,0.9884615384615385,3,transformer,window
0.8787869381673703,0.9923076923076923,3,transformer,window
0.8888750931214303,0.9923076923076923,3,transformer,window
0.8989632480754904,0.9923076923076923,3,transformer,window
0.9090824435063323,0.9961538461538462,3,transformer,window
0.9191705984603924,1.0,3,transformer,window
0.9292897938912341,1.0,3,transformer,window
0.9393779488452942,1.0,3,transformer,window
0.9494661037993544,1.0,3,transformer,window
0.9595852992301962,1.0,3,transformer,window
0.9696734541842563,1.0,3,transformer,window
0.979792649615098,1.0,3,transformer,window
0.9898808045691582,1.0,3,transformer,window
1.0,1.0,3,transformer,window
0.0002948982601002654,0.0,3,transformer,firm
0.01032143910350929,0.09482758620689655,3,transformer,firm
0.020347979946918313,0.14655172413793102,3,transformer,firm
0.030374520790327337,0.1810344827586207,3,transformer,firm
0.040401061633736364,0.19827586206896552,3,transformer,firm
0.05072250073724565,0.2413793103448276,3,transformer,firm
0.060749041580654674,0.27586206896551724,3,transformer,firm
0.0707755824240637,0.28448275862068967,3,transformer,firm
0.08080212326747273,0.3275862068965517,3,transformer,firm
0.09112356237098201,0.35344827586206895,3,transformer,firm
0.10115010321439104,0.3879310344827586,3,transformer,firm
0.11117664405780006,0.4051724137931034,3,transformer,firm
0.12120318490120909,0.41379310344827586,3,transformer,firm
0.13152462400471837,0.43103448275862066,3,transformer,firm
0.1415511648481274,0.47413793103448276,3,transformer,firm
0.15157770569153642,0.49137931034482757,3,transformer,firm
0.16160424653494546,0.5172413793103449,3,transformer,firm
0.17192568563845473,0.5172413793103449,3,transformer,firm
0.18195222648186377,0.5172413793103449,3,transformer,firm
0.19197876732527278,0.5258620689655172,3,transformer,firm
0.2020053081686818,0.5431034482758621,3,transformer,firm
0.21232674727219109,0.5431034482758621,3,transformer,firm
0.22235328811560012,0.5603448275862069,3,transformer,firm
0.23237982895900913,0.5775862068965517,3,transformer,firm
0.24240636980241817,0.5862068965517241,3,transformer,firm
0.25272780890592744,0.5948275862068966,3,transformer,firm
0.2627543497493365,0.6293103448275862,3,transformer,firm
0.2727808905927455,0.646551724137931,3,transformer,firm
0.2828074314361545,0.6810344827586207,3,transformer,firm
0.2931288705396638,0.6982758620689655,3,transformer,firm
0.30315541138307284,0.7155172413793104,3,transformer,firm
0.3131819522264819,0.7413793103448276,3,transformer,firm
0.3232084930698909,0.7586206896551724,3,transformer,firm
0.33352993217340016,0.7586206896551724,3,transformer,firm
0.3435564730168092,0.7758620689655172,3,transformer,firm
0.35358301386021823,0.7844827586206896,3,transformer,firm
0.36360955470362727,0.8017241379310345,3,transformer,firm
0.37363609554703625,0.8103448275862069,3,transformer,firm
0.38395753465054555,0.8103448275862069,3,transformer,firm
0.3939840754939546,0.8189655172413793,3,transformer,firm
0.4040106163373636,0.8189655172413793,3,transformer,firm
0.4140371571807726,0.8275862068965517,3,transformer,firm
0.4243585962842819,0.8362068965517241,3,transformer,firm
0.43438513712769095,0.8448275862068966,3,transformer,firm
0.4444116779711,0.8448275862068966,3,transformer,firm
0.454438218814509,0.8620689655172413,3,transformer,firm
0.46475965791801827,0.896551724137931,3,transformer,firm
0.4747861987614273,0.9137931034482759,3,transformer,firm
0.48481273960483634,0.9137931034482759,3,transformer,firm
0.4948392804482454,0.9224137931034483,3,transformer,firm
0.5051607195517547,0.9224137931034483,3,transformer,firm
0.5151872603951637,0.9224137931034483,3,transformer,firm
0.5252138012385726,0.9310344827586207,3,transformer,firm
0.5352403420819817,0.9396551724137931,3,transformer,firm
0.545561781185491,0.9396551724137931,3,transformer,firm
0.5555883220289001,0.9482758620689655,3,transformer,firm
0.565614862872309,0.9482758620689655,3,transformer,firm
0.575641403715718,0.9482758620689655,3,transformer,firm
0.5859628428192274,0.9482758620689655,3,transformer,firm
0.5959893836626364,0.9482758620689655,3,transformer,firm
0.6060159245060455,0.9482758620689655,3,transformer,firm
0.6160424653494544,0.9568965517241379,3,transformer,firm
0.6263639044529637,0.9655172413793104,3,transformer,firm
0.6363904452963728,0.9655172413793104,3,transformer,firm
0.6464169861397818,0.9655172413793104,3,transformer,firm
0.6564435269831908,0.9655172413793104,3,transformer,firm
0.6667649660867001,0.9741379310344828,3,transformer,firm
0.6767915069301091,0.9741379310344828,3,transformer,firm
0.6868180477735182,0.9741379310344828,3,transformer,firm
0.6968445886169271,0.9741379310344828,3,transformer,firm
0.7068711294603361,0.9741379310344828,3,transformer,firm
0.7171925685638455,0.9741379310344828,3,transformer,firm
0.7272191094072545,0.9741379310344828,3,transformer,firm
0.7372456502506636,0.9741379310344828,3,transformer,firm
0.7472721910940725,0.9741379310344828,3,transformer,firm
0.7575936301975819,0.9741379310344828,3,transformer,firm
0.7676201710409909,0.9741379310344828,3,transformer,firm
0.7776467118843999,0.9827586206896551,3,transformer,firm
0.7876732527278089,0.9827586206896551,3,transformer,firm
0.7979946918313182,0.9827586206896551,3,transformer,firm
0.8080212326747273,0.9827586206896551,3,transformer,firm
0.8180477735181363,0.9827586206896551,3,transformer,firm
0.8280743143615452,0.9827586206896551,3,transformer,firm
0.8383957534650546,0.9827586206896551,3,transformer,firm
0.8484222943084636,0.9827586206896551,3,transformer,firm
0.8584488351518726,0.9827586206896551,3,transformer,firm
0.8684753759952816,0.9827586206896551,3,transformer,firm
0.8787968150987909,0.9827586206896551,3,transformer,firm
0.8888233559422,0.9827586206896551,3,transformer,firm
0.898849896785609,0.9827586206896551,3,transformer,firm
0.908876437629018,0.9827586206896551,3,transformer,firm
0.9191978767325273,0.9827586206896551,3,transformer,firm
0.9292244175759363,1.0,3,transformer,firm
0.9392509584193454,1.0,3,transformer,firm
0.9492774992627544,1.0,3,transformer,firm
0.9595989383662636,1.0,3,transformer,firm
0.9696254792096727,1.0,3,transformer,firm
0.9796520200530817,1.0,3,transformer,firm
0.9896785608964908,1.0,3,transformer,firm
1.0,1.0,3,transformer,firm
3.104047678172337e-05,0.0038461538461538464,3,C_lstm,window
0.010119195430841818,0.2076923076923077,3,C_lstm,window
0.02020735038490191,0.3038461538461538,3,C_lstm,window
0.03032654581574373,0.3576923076923077,3,C_lstm,window
0.04041470076980382,0.4115384615384615,3,C_lstm,window
0.05053389620064564,0.46153846153846156,3,C_lstm,window
0.06062205115470574,0.5115384615384615,3,C_lstm,window
0.07071020610876583,0.5384615384615384,3,C_lstm,window
0.08082940153960765,0.5653846153846154,3,C_lstm,window
0.09091755649366774,0.6076923076923076,3,C_lstm,window
0.10103675192450956,0.6576923076923077,3,C_lstm,window
0.11112490687856966,0.6807692307692308,3,C_lstm,window
0.12121306183262975,0.7,3,C_lstm,window
0.13133225726347156,0.7307692307692307,3,C_lstm,window
0.14142041221753165,0.7461538461538462,3,C_lstm,window
0.1515396076483735,0.7653846153846153,3,C_lstm,window
0.16162776260243358,0.7923076923076923,3,C_lstm,window
0.17171591755649368,0.8038461538461539,3,C_lstm,window
0.18183511298733548,0.8076923076923077,3,C_lstm,window
0.19192326794139558,0.823076923076923,3,C_lstm,window
0.20204246337223739,0.823076923076923,3,C_lstm,window
0.21213061832629748,0.8346153846153846,3,C_lstm,window
0.22221877328035758,0.8538461538461538,3,C_lstm,window
0.2323379687111994,0.8692307692307693,3,C_lstm,window
0.2424261236652595,0.8730769230769231,3,C_lstm,window
0.25254531909610134,0.8769230769230769,3,C_lstm,window
0.2626334740501614,0.8769230769230769,3,C_lstm,window
0.2727216290042215,0.8807692307692307,3,C_lstm,window
0.2828408244350633,0.8923076923076924,3,C_lstm,window
0.29292897938912343,0.9,3,C_lstm,window
0.3030481748199652,0.9076923076923077,3,C_lstm,window
0.31313632977402533,0.9115384615384615,3,C_lstm,window
0.3232244847280854,0.9192307692307692,3,C_lstm,window
0.33334368015892724,0.9230769230769231,3,C_lstm,window
0.34343183511298736,0.9230769230769231,3,C_lstm,window
0.35355103054382914,0.926923076923077,3,C_lstm,window
0.36363918549788926,0.9346153846153846,3,C_lstm,window
0.37372734045194933,0.9423076923076923,3,C_lstm,window
0.38384653588279116,0.9423076923076923,3,C_lstm,window
0.39393469083685123,0.9423076923076923,3,C_lstm,window
0.40405388626769306,0.9423076923076923,3,C_lstm,window
0.4141420412217532,0.95,3,C_lstm,window
0.42423019617581326,0.9538461538461539,3,C_lstm,window
0.4343493916066551,0.9538461538461539,3,C_lstm,window
0.44443754656071516,0.9576923076923077,3,C_lstm,window
0.454556741991557,0.9576923076923077,3,C_lstm,window
0.46464489694561706,0.9576923076923077,3,C_lstm,window
0.4747330518996772,0.9576923076923077,3,C_lstm,window
0.484852247330519,0.9615384615384616,3,C_lstm,window
0.4949404022845791,0.9615384615384616,3,C_lstm,window
0.5050595977154209,0.9653846153846154,3,C_lstm,window
0.515147752669481,0.9653846153846154,3,C_lstm,window
0.5252669481003228,0.9692307692307692,3,C_lstm,window
0.5353551030543829,0.9692307692307692,3,C_lstm,window
0.545443258008443,0.9730769230769231,3,C_lstm,window
0.5555624534392848,0.9730769230769231,3,C_lstm,window
0.5656506083933449,0.9730769230769231,3,C_lstm,window
0.5757698038241867,0.9730769230769231,3,C_lstm,window
0.5858579587782469,0.9730769230769231,3,C_lstm,window
0.5959461137323069,0.9730769230769231,3,C_lstm,window
0.6060653091631487,0.9730769230769231,3,C_lstm,window
0.6161534641172088,0.9769230769230769,3,C_lstm,window
0.6262726595480507,0.9769230769230769,3,C_lstm,window
0.6363608145021108,0.9807692307692307,3,C_lstm,window
0.6464489694561708,0.9807692307692307,3,C_lstm,window
0.6565681648870126,0.9846153846153847,3,C_lstm,window
0.6666563198410728,0.9846153846153847,3,C_lstm,window
0.6767755152719146,0.9884615384615385,3,C_lstm,window
0.6868636702259747,0.9884615384615385,3,C_lstm,window
0.6969518251800347,0.9884615384615385,3,C_lstm,window
0.7070710206108766,0.9884615384615385,3,C_lstm,window
0.7171591755649367,0.9923076923076923,3,C_lstm,window
0.7272783709957785,0.9923076923076923,3,C_lstm,window
0.7373665259498385,0.9923076923076923,3,C_lstm,window
0.7474546809038987,0.9923076923076923,3,C_lstm,window
0.7575738763347405,0.9961538461538462,3,C_lstm,window
0.7676620312888006,0.9961538461538462,3,C_lstm,window
0.7777812267196424,0.9961538461538462,3,C_lstm,window
0.7878693816737025,0.9961538461538462,3,C_lstm,window
0.7979575366277626,1.0,3,C_lstm,window
0.8080767320586044,1.0,3,C_lstm,window
0.8181648870126645,1.0,3,C_lstm,window
0.8282840824435064,1.0,3,C_lstm,window
0.8383722373975664,1.0,3,C_lstm,window
0.8484603923516265,1.0,3,C_lstm,window
0.8585795877824683,1.0,3,C_lstm,window
0.8686677427365285,1.0,3,C_lstm,window
0.8787869381673703,1.0,3,C_lstm,window
0.8888750931214303,1.0,3,C_lstm,window
0.8989632480754904,1.0,3,C_lstm,window
0.9090824435063323,1.0,3,C_lstm,window
0.9191705984603924,1.0,3,C_lstm,window
0.9292897938912341,1.0,3,C_lstm,window
0.9393779488452942,1.0,3,C_lstm,window
0.9494661037993544,1.0,3,C_lstm,window
0.9595852992301962,1.0,3,C_lstm,window
0.9696734541842563,1.0,3,C_lstm,window
0.979792649615098,1.0,3,C_lstm,window
0.9898808045691582,1.0,3,C_lstm,window
1.0,1.0,3,C_lstm,window
0.0002948982601002654,0.008620689655172414,3,C_lstm,firm
0.01032143910350929,0.1206896551724138,3,C_lstm,firm
0.020347979946918313,0.1896551724137931,3,C_lstm,firm
0.030374520790327337,0.2672413793103448,3,C_lstm,firm
0.040401061633736364,0.29310344827586204,3,C_lstm,firm
0.05072250073724565,0.35344827586206895,3,C_lstm,firm
0.060749041580654674,0.3879310344827586,3,C_lstm,firm
0.0707755824240637,0.4224137931034483,3,C_lstm,firm
0.08080212326747273,0.47413793103448276,3,C_lstm,firm
0.09112356237098201,0.4827586206896552,3,C_lstm,firm
0.10115010321439104,0.5172413793103449,3,C_lstm,firm
0.11117664405780006,0.5517241379310345,3,C_lstm,firm
0.12120318490120909,0.5775862068965517,3,C_lstm,firm
0.13152462400471837,0.6120689655172413,3,C_lstm,firm
0.1415511648481274,0.6551724137931034,3,C_lstm,firm
0.15157770569153642,0.6637931034482759,3,C_lstm,firm
0.16160424653494546,0.6810344827586207,3,C_lstm,firm
0.17192568563845473,0.7155172413793104,3,C_lstm,firm
0.18195222648186377,0.7241379310344828,3,C_lstm,firm
0.19197876732527278,0.7327586206896551,3,C_lstm,firm
0.2020053081686818,0.7327586206896551,3,C_lstm,firm
0.21232674727219109,0.7413793103448276,3,C_lstm,firm
0.22235328811560012,0.75,3,C_lstm,firm
0.23237982895900913,0.7586206896551724,3,C_lstm,firm
0.24240636980241817,0.7844827586206896,3,C_lstm,firm
0.25272780890592744,0.8017241379310345,3,C_lstm,firm
0.2627543497493365,0.8448275862068966,3,C_lstm,firm
0.2727808905927455,0.853448275862069,3,C_lstm,firm
0.2828074314361545,0.853448275862069,3,C_lstm,firm
0.2931288705396638,0.853448275862069,3,C_lstm,firm
0.30315541138307284,0.8793103448275862,3,C_lstm,firm
0.3131819522264819,0.8793103448275862,3,C_lstm,firm
0.3232084930698909,0.8793103448275862,3,C_lstm,firm
0.33352993217340016,0.896551724137931,3,C_lstm,firm
0.3435564730168092,0.9051724137931034,3,C_lstm,firm
0.35358301386021823,0.9137931034482759,3,C_lstm,firm
0.36360955470362727,0.9137931034482759,3,C_lstm,firm
0.37363609554703625,0.9224137931034483,3,C_lstm,firm
0.38395753465054555,0.9310344827586207,3,C_lstm,firm
0.3939840754939546,0.9310344827586207,3,C_lstm,firm
0.4040106163373636,0.9310344827586207,3,C_lstm,firm
0.4140371571807726,0.9396551724137931,3,C_lstm,firm
0.4243585962842819,0.9396551724137931,3,C_lstm,firm
0.43438513712769095,0.9396551724137931,3,C_lstm,firm
0.4444116779711,0.9396551724137931,3,C_lstm,firm
0.454438218814509,0.9396551724137931,3,C_lstm,firm
0.46475965791801827,0.9396551724137931,3,C_lstm,firm
0.4747861987614273,0.9482758620689655,3,C_lstm,firm
0.48481273960483634,0.9482758620689655,3,C_lstm,firm
0.4948392804482454,0.9482758620689655,3,C_lstm,firm
0.5051607195517547,0.9482758620689655,3,C_lstm,firm
0.5151872603951637,0.9568965517241379,3,C_lstm,firm
0.5252138012385726,0.9568965517241379,3,C_lstm,firm
0.5352403420819817,0.9568965517241379,3,C_lstm,firm
0.545561781185491,0.9568965517241379,3,C_lstm,firm
0.5555883220289001,0.9655172413793104,3,C_lstm,firm
0.565614862872309,0.9741379310344828,3,C_lstm,firm
0.575641403715718,0.9741379310344828,3,C_lstm,firm
0.5859628428192274,0.9741379310344828,3,C_lstm,firm
0.5959893836626364,0.9741379310344828,3,C_lstm,firm
0.6060159245060455,0.9741379310344828,3,C_lstm,firm
0.6160424653494544,0.9741379310344828,3,C_lstm,firm
0.6263639044529637,0.9827586206896551,3,C_lstm,firm
0.6363904452963728,0.9827586206896551,3,C_lstm,firm
0.6464169861397818,0.9827586206896551,3,C_lstm,firm
0.6564435269831908,0.9827586206896551,3,C_lstm,firm
0.6667649660867001,0.9827586206896551,3,C_lstm,firm
0.6767915069301091,0.9827586206896551,3,C_lstm,firm
0.6868180477735182,0.9827586206896551,3,C_lstm,firm
0.6968445886169271,0.9827586206896551,3,C_lstm,firm
0.7068711294603361,0.9827586206896551,3,C_lstm,firm
0.7171925685638455,0.9827586206896551,3,C_lstm,firm
0.7272191094072545,0.9827586206896551,3,C_lstm,firm
0.7372456502506636,0.9913793103448276,3,C_lstm,firm
0.7472721910940725,0.9913793103448276,3,C_lstm,firm
0.7575936301975819,0.9913793103448276,3,C_lstm,firm
0.7676201710409909,0.9913793103448276,3,C_lstm,firm
0.7776467118843999,0.9913793103448276,3,C_lstm,firm
0.7876732527278089,0.9913793103448276,3,C_lstm,firm
0.7979946918313182,1.0,3,C_lstm,firm
0.8080212326747273,1.0,3,C_lstm,firm
0.8180477735181363,1.0,3,C_lstm,firm
0.8280743143615452,1.0,3,C_lstm,firm
0.8383957534650546,1.0,3,C_lstm,firm
0.8484222943084636,1.0,3,C_lstm,firm
0.8584488351518726,1.0,3,C_lstm,firm
0.8684753759952816,1.0,3,C_lstm,firm
0.8787968150987909,1.0,3,C_lstm,firm
0.8888233559422,1.0,3,C_lstm,firm
0.898849896785609,1.0,3,C_lstm,firm
0.908876437629018,1.0,3,C_lstm,firm
0.9191978767325273,1.0,3,C_lstm,firm
0.9292244175759363,1.0,3,C_lstm,firm
0.9392509584193454,1.0,3,C_lstm,firm
0.9492774992627544,1.0,3,C_lstm,firm
0.9595989383662636,1.0,3,C_lstm,firm
0.9696254792096727,1.0,3,C_lstm,firm
0.9796520200530817,1.0,3,C_lstm,firm
0.9896785608964908,1.0,3,C_lstm,firm
1.0,1.0,3,C_lstm,firm
3.104047678172337e-05,0.0,4,altman_zdp,window
0.010119195430841818,0.0027548209366391185,4,altman_zdp,window
0.02020735038490191,0.008264462809917356,4,altman_zdp,window
0.03032654581574373,0.027548209366391185,4,altman_zdp,window
0.04041470076980382,0.06611570247933884,4,altman_zdp,window
0.05053389620064564,0.11294765840220386,4,altman_zdp,window
0.06062205115470574,0.14325068870523416,4,altman_zdp,window
0.07071020610876583,0.1928374655647383,4,altman_zdp,window
0.08082940153960765,0.25068870523415976,4,altman_zdp,window
0.09091755649366774,0.2809917355371901,4,altman_zdp,window
0.10103675192450956,0.3168044077134986,4,altman_zdp,window
0.11112490687856966,0.35537190082644626,4,altman_zdp,window
0.12121306183262975,0.39669421487603307,4,altman_zdp,window
0.13133225726347156,0.4325068870523416,4,altman_zdp,window
0.14142041221753165,0.4573002754820937,4,altman_zdp,window
0.1515396076483735,0.4765840220385675,4,altman_zdp,window
0.16162776260243358,0.48760330578512395,4,altman_zdp,window
0.17171591755649368,0.5151515151515151,4,altman_zdp,window
0.18183511298733548,0.5454545454545454,4,altman_zdp,window
0.19192326794139558,0.5730027548209367,4,altman_zdp,window
0.20204246337223739,0.6060606060606061,4,altman_zdp,window
0.21213061832629748,0.6446280991735537,4,altman_zdp,window
0.22221877328035758,0.7052341597796143,4,altman_zdp,window
0.2323379687111994,0.7162534435261708,4,altman_zdp,window
0.2424261236652595,0.743801652892562,4,altman_zdp,window
0.25254531909610134,0.7713498622589532,4,altman_zdp,window
0.2626334740501614,0.7823691460055097,4,altman_zdp,window
0.2727216290042215,0.7933884297520661,4,altman_zdp,window
0.2828408244350633,0.8181818181818182,4,altman_zdp,window
0.29292897938912343,0.8264462809917356,4,altman_zdp,window
0.3030481748199652,0.8402203856749312,4,altman_zdp,window
0.31313632977402533,0.8512396694214877,4,altman_zdp,window
0.3232244847280854,0.8650137741046832,4,altman_zdp,window
0.33334368015892724,0.8842975206611571,4,altman_zdp,window
0.34343183511298736,0.8842975206611571,4,altman_zdp,window
0.35355103054382914,0.8925619834710744,4,altman_zdp,window
0.36363918549788926,0.8980716253443526,4,altman_zdp,window
0.37372734045194933,0.90633608815427,4,altman_zdp,window
0.38384653588279116,0.9090909090909091,4,altman_zdp,window
0.39393469083685123,0.9118457300275482,4,altman_zdp,window
0.40405388626769306,0.9146005509641874,4,altman_zdp,window
0.4141420412217532,0.9228650137741047,4,altman_zdp,window
0.42423019617581326,0.9256198347107438,4,altman_zdp,window
0.4343493916066551,0.9256198347107438,4,altman_zdp,window
0.44443754656071516,0.9338842975206612,4,altman_zdp,window
0.454556741991557,0.9366391184573003,4,altman_zdp,window
0.46464489694561706,0.9366391184573003,4,altman_zdp,window
0.4747330518996772,0.9421487603305785,4,altman_zdp,window
0.484852247330519,0.9476584022038568,4,altman_zdp,window
0.4949404022845791,0.953168044077135,4,altman_zdp,window
0.5050595977154209,0.953168044077135,4,altman_zdp,window
0.515147752669481,0.953168044077135,4,altman_zdp,window
0.5252669481003228,0.953168044077135,4,altman_zdp,window
0.5353551030543829,0.953168044077135,4,altman_zdp,window
0.545443258008443,0.953168044077135,4,altman_zdp,window
0.5555624534392848,0.9559228650137741,4,altman_zdp,window
0.5656506083933449,0.9559228650137741,4,altman_zdp,window
0.5757698038241867,0.9559228650137741,4,altman_zdp,window
0.5858579587782469,0.9586776859504132,4,altman_zdp,window
0.5959461137323069,0.9614325068870524,4,altman_zdp,window
0.6060653091631487,0.9641873278236914,4,altman_zdp,window
0.6161534641172088,0.9752066115702479,4,altman_zdp,window
0.6262726595480507,0.9752066115702479,4,altman_zdp,window
0.6363608145021108,0.977961432506887,4,altman_zdp,window
0.6464489694561708,0.9807162534435262,4,altman_zdp,window
0.6565681648870126,0.9807162534435262,4,altman_zdp,window
0.6666563198410728,0.9862258953168044,4,altman_zdp,window
0.6767755152719146,0.9917355371900827,4,altman_zdp,window
0.6868636702259747,0.9944903581267218,4,altman_zdp,window
0.6969518251800347,0.9944903581267218,4,altman_zdp,window
0.7070710206108766,0.9944903581267218,4,altman_zdp,window
0.7171591755649367,0.9944903581267218,4,altman_zdp,window
0.7272783709957785,0.9944903581267218,4,altman_zdp,window
0.7373665259498385,0.9944903581267218,4,altman_zdp,window
0.7474546809038987,0.9944903581267218,4,altman_zdp,window
0.7575738763347405,0.9944903581267218,4,altman_zdp,window
0.7676620312888006,0.9944903581267218,4,altman_zdp,window
0.7777812267196424,0.9944903581267218,4,altman_zdp,window
0.7878693816737025,0.9944903581267218,4,altman_zdp,window
0.7979575366277626,0.9944903581267218,4,altman_zdp,window
0.8080767320586044,0.9944903581267218,4,altman_zdp,window
0.8181648870126645,0.9972451790633609,4,altman_zdp,window
0.8282840824435064,0.9972451790633609,4,altman_zdp,window
0.8383722373975664,1.0,4,altman_zdp,window
0.8484603923516265,1.0,4,altman_zdp,window
0.8585795877824683,1.0,4,altman_zdp,window
0.8686677427365285,1.0,4,altman_zdp,window
0.8787869381673703,1.0,4,altman_zdp,window
0.8888750931214303,1.0,4,altman_zdp,window
0.8989632480754904,1.0,4,altman_zdp,window
0.9090824435063323,1.0,4,altman_zdp,window
0.9191705984603924,1.0,4,altman_zdp,window
0.9292897938912341,1.0,4,altman_zdp,window
0.9393779488452942,1.0,4,altman_zdp,window
0.9494661037993544,1.0,4,altman_zdp,window
0.9595852992301962,1.0,4,altman_zdp,window
0.9696734541842563,1.0,4,altman_zdp,window
0.979792649615098,1.0,4,altman_zdp,window
0.9898808045691582,1.0,4,altman_zdp,window
1.0,1.0,4,altman_zdp,window
0.0002948982601002654,0.0,4,altman_zdp,firm
0.01032143910350929,0.0,4,altman_zdp,firm
0.020347979946918313,0.008130081300813009,4,altman_zdp,firm
0.030374520790327337,0.016260162601626018,4,altman_zdp,firm
0.040401061633736364,0.024390243902439025,4,altman_zdp,firm
0.05072250073724565,0.024390243902439025,4,altman_zdp,firm
0.060749041580654674,0.04878048780487805,4,altman_zdp,firm
0.0707755824240637,0.08130081300813008,4,altman_zdp,firm
0.08080212326747273,0.11382113821138211,4,altman_zdp,firm
0.09112356237098201,0.13008130081300814,4,altman_zdp,firm
0.10115010321439104,0.17886178861788618,4,altman_zdp,firm
0.11117664405780006,0.22764227642276422,4,altman_zdp,firm
0.12120318490120909,0.24390243902439024,4,altman_zdp,firm
0.13152462400471837,0.2682926829268293,4,altman_zdp,firm
0.1415511648481274,0.3089430894308943,4,altman_zdp,firm
0.15157770569153642,0.34959349593495936,4,altman_zdp,firm
0.16160424653494546,0.35772357723577236,4,altman_zdp,firm
0.17192568563845473,0.36585365853658536,4,altman_zdp,firm
0.18195222648186377,0.3983739837398374,4,altman_zdp,firm
0.19197876732527278,0.43902439024390244,4,altman_zdp,firm
0.2020053081686818,0.45528455284552843,4,altman_zdp,firm
0.21232674727219109,0.5121951219512195,4,altman_zdp,firm
0.22235328811560012,0.5121951219512195,4,altman_zdp,firm
0.23237982895900913,0.5528455284552846,4,altman_zdp,firm
0.24240636980241817,0.5609756097560976,4,altman_zdp,firm
0.25272780890592744,0.5772357723577236,4,altman_zdp,firm
0.2627543497493365,0.5853658536585366,4,altman_zdp,firm
0.2727808905927455,0.6097560975609756,4,altman_zdp,firm
0.2828074314361545,0.6341463414634146,4,altman_zdp,firm
0.2931288705396638,0.6747967479674797,4,altman_zdp,firm
0.30315541138307284,0.7235772357723578,4,altman_zdp,firm
0.3131819522264819,0.7479674796747967,4,altman_zdp,firm
0.3232084930698909,0.7642276422764228,4,altman_zdp,firm
0.33352993217340016,0.7886178861788617,4,altman_zdp,firm
0.3435564730168092,0.8292682926829268,4,altman_zdp,firm
0.35358301386021823,0.8455284552845529,4,altman_zdp,firm
0.36360955470362727,0.8536585365853658,4,altman_zdp,firm
0.37363609554703625,0.8617886178861789,4,altman_zdp,firm
0.38395753465054555,0.8780487804878049,4,altman_zdp,firm
0.3939840754939546,0.8780487804878049,4,altman_zdp,firm
0.4040106163373636,0.8780487804878049,4,altman_zdp,firm
0.4140371571807726,0.9024390243902439,4,altman_zdp,firm
0.4243585962842819,0.9024390243902439,4,altman_zdp,firm
0.43438513712769095,0.9024390243902439,4,altman_zdp,firm
0.4444116779711,0.9105691056910569,4,altman_zdp,firm
0.454438218814509,0.9186991869918699,4,altman_zdp,firm
0.46475965791801827,0.9186991869918699,4,altman_zdp,firm
0.4747861987614273,0.9186991869918699,4,altman_zdp,firm
0.48481273960483634,0.926829268292683,4,altman_zdp,firm
0.4948392804482454,0.926829268292683,4,altman_zdp,firm
0.5051607195517547,0.9349593495934959,4,altman_zdp,firm
0.5151872603951637,0.943089430894309,4,altman_zdp,firm
0.5252138012385726,0.943089430894309,4,altman_zdp,firm
0.5352403420819817,0.943089430894309,4,altman_zdp,firm
0.545561781185491,0.9512195121951219,4,altman_zdp,firm
0.5555883220289001,0.9512195121951219,4,altman_zdp,firm
0.565614862872309,0.975609756097561,4,altman_zdp,firm
0.575641403715718,0.975609756097561,4,altman_zdp,firm
0.5859628428192274,0.975609756097561,4,altman_zdp,firm
0.5959893836626364,0.975609756097561,4,altman_zdp,firm
0.6060159245060455,0.975609756097561,4,altman_zdp,firm
0.6160424653494544,0.975609756097561,4,altman_zdp,firm
0.6263639044529637,0.975609756097561,4,altman_zdp,firm
0.6363904452963728,0.975609756097561,4,altman_zdp,firm
0.6464169861397818,0.983739837398374,4,altman_zdp,firm
0.6564435269831908,0.983739837398374,4,altman_zdp,firm
0.6667649660867001,0.983739837398374,4,altman_zdp,firm
0.6767915069301091,0.983739837398374,4,altman_zdp,firm
0.6868180477735182,0.983739837398374,4,altman_zdp,firm
0.6968445886169271,0.991869918699187,4,altman_zdp,firm
0.7068711294603361,0.991869918699187,4,altman_zdp,firm
0.7171925685638455,0.991869918699187,4,altman_zdp,firm
0.7272191094072545,0.991869918699187,4,altman_zdp,firm
0.7372456502506636,1.0,4,altman_zdp,firm
0.7472721910940725,1.0,4,altman_zdp,firm
0.7575936301975819,1.0,4,altman_zdp,firm
0.7676201710409909,1.0,4,altman_zdp,firm
0.7776467118843999,1.0,4,altman_zdp,firm
0.7876732527278089,1.0,4,altman_zdp,firm
0.7979946918313182,1.0,4,altman_zdp,firm
0.8080212326747273,1.0,4,altman_zdp,firm
0.8180477735181363,1.0,4,altman_zdp,firm
0.8280743143615452,1.0,4,altman_zdp,firm
0.8383957534650546,1.0,4,altman_zdp,firm
0.8484222943084636,1.0,4,altman_zdp,firm
0.8584488351518726,1.0,4,altman_zdp,firm
0.8684753759952816,1.0,4,altman_zdp,firm
0.8787968150987909,1.0,4,altman_zdp,firm
0.8888233559422,1.0,4,altman_zdp,firm
0.898849896785609,1.0,4,altman_zdp,firm
0.908876437629018,1.0,4,altman_zdp,firm
0.9191978767325273,1.0,4,altman_zdp,firm
0.9292244175759363,1.0,4,altman_zdp,firm
0.9392509584193454,1.0,4,altman_zdp,firm
0.9492774992627544,1.0,4,altman_zdp,firm
0.9595989383662636,1.0,4,altman_zdp,firm
0.9696254792096727,1.0,4,altman_zdp,firm
0.9796520200530817,1.0,4,altman_zdp,firm
0.9896785608964908,1.0,4,altman_zdp,firm
1.0,1.0,4,altman_zdp,firm
3.104047678172337e-05,0.0027548209366391185,4,xgboost,window
0.010119195430841818,0.18732782369146006,4,xgboost,window
0.02020735038490191,0.2809917355371901,4,xgboost,window
0.03032654581574373,0.34710743801652894,4,xgboost,window
0.04041470076980382,0.39944903581267216,4,xgboost,window
0.05053389620064564,0.4490358126721763,4,xgboost,window
0.06062205115470574,0.4820936639118457,4,xgboost,window
0.07071020610876583,0.5344352617079889,4,xgboost,window
0.08082940153960765,0.5840220385674931,4,xgboost,window
0.09091755649366774,0.6033057851239669,4,xgboost,window
0.10103675192450956,0.6308539944903582,4,xgboost,window
0.11112490687856966,0.6528925619834711,4,xgboost,window
0.12121306183262975,0.6611570247933884,4,xgboost,window
0.13133225726347156,0.6887052341597796,4,xgboost,window
0.14142041221753165,0.7300275482093664,4,xgboost,window
0.1515396076483735,0.7493112947658402,4,xgboost,window
0.16162776260243358,0.768595041322314,4,xgboost,window
0.17171591755649368,0.7823691460055097,4,xgboost,window
0.18183511298733548,0.7933884297520661,4,xgboost,window
0.19192326794139558,0.8044077134986226,4,xgboost,window
0.20204246337223739,0.8181818181818182,4,xgboost,window
0.21213061832629748,0.8264462809917356,4,xgboost,window
0.22221877328035758,0.8484848484848485,4,xgboost,window
0.2323379687111994,0.8512396694214877,4,xgboost,window
0.2424261236652595,0.8650137741046832,4,xgboost,window
0.25254531909610134,0.8760330578512396,4,xgboost,window
0.2626334740501614,0.8842975206611571,4,xgboost,window
0.2727216290042215,0.8842975206611571,4,xgboost,window
0.2828408244350633,0.8925619834710744,4,xgboost,window
0.29292897938912343,0.9008264462809917,4,xgboost,window
0.3030481748199652,0.90633608815427,4,xgboost,window
0.31313632977402533,0.9090909090909091,4,xgboost,window
0.3232244847280854,0.9201101928374655,4,xgboost,window
0.33334368015892724,0.928374655647383,4,xgboost,window
0.34343183511298736,0.928374655647383,4,xgboost,window
0.35355103054382914,0.931129476584022,4,xgboost,window
0.36363918549788926,0.9366391184573003,4,xgboost,window
0.37372734045194933,0.9393939393939394,4,xgboost,window
0.38384653588279116,0.9421487603305785,4,xgboost,window
0.39393469083685123,0.9421487603305785,4,xgboost,window
0.40405388626769306,0.9504132231404959,4,xgboost,window
0.4141420412217532,0.9559228650137741,4,xgboost,window
0.42423019617581326,0.9614325068870524,4,xgboost,window
0.4343493916066551,0.9614325068870524,4,xgboost,window
0.44443754656071516,0.9614325068870524,4,xgboost,window
0.454556741991557,0.9614325068870524,4,xgboost,window
0.46464489694561706,0.9614325068870524,4,xgboost,window
0.4747330518996772,0.9669421487603306,4,xgboost,window
0.484852247330519,0.9696969696969697,4,xgboost,window
0.4949404022845791,0.9724517906336089,4,xgboost,window
0.5050595977154209,0.977961432506887,4,xgboost,window
0.515147752669481,0.977961432506887,4,xgboost,window
0.5252669481003228,0.9807162534435262,4,xgboost,window
0.5353551030543829,0.9807162534435262,4,xgboost,window
0.545443258008443,0.9807162534435262,4,xgboost,window
0.5555624534392848,0.9834710743801653,4,xgboost,window
0.5656506083933449,0.9834710743801653,4,xgboost,window
0.5757698038241867,0.9834710743801653,4,xgboost,window
0.5858579587782469,0.9862258953168044,4,xgboost,window
0.5959461137323069,0.9862258953168044,4,xgboost,window
0.6060653091631487,0.9862258953168044,4,xgboost,window
0.6161534641172088,0.9862258953168044,4,xgboost,window
0.6262726595480507,0.9889807162534435,4,xgboost,window
0.6363608145021108,0.9889807162534435,4,xgboost,window
0.6464489694561708,0.9889807162534435,4,xgboost,window
0.6565681648870126,0.9889807162534435,4,xgboost,window
0.6666563198410728,0.9917355371900827,4,xgboost,window
0.6767755152719146,0.9917355371900827,4,xgboost,window
0.6868636702259747,0.9944903581267218,4,xgboost,window
0.6969518251800347,1.0,4,xgboost,window
0.7070710206108766,1.0,4,xgboost,window
0.7171591755649367,1.0,4,xgboost,window
0.7272783709957785,1.0,4,xgboost,window
0.7373665259498385,1.0,4,xgboost,window
0.7474546809038987,1.0,4,xgboost,window
0.7575738763347405,1.0,4,xgboost,window
0.7676620312888006,1.0,4,xgboost,window
0.7777812267196424,1.0,4,xgboost,window
0.7878693816737025,1.0,4,xgboost,window
0.7979575366277626,1.0,4,xgboost,window
0.8080767320586044,1.0,4,xgboost,window
0.8181648870126645,1.0,4,xgboost,window
0.8282840824435064,1.0,4,xgboost,window
0.8383722373975664,1.0,4,xgboost,window
0.8484603923516265,1.0,4,xgboost,window
0.8585795877824683,1.0,4,xgboost,window
0.8686677427365285,1.0,4,xgboost,window
0.8787869381673703,1.0,4,xgboost,window
0.8888750931214303,1.0,4,xgboost,window
0.8989632480754904,1.0,4,xgboost,window
0.9090824435063323,1.0,4,xgboost,window
0.9191705984603924,1.0,4,xgboost,window
0.9292897938912341,1.0,4,xgboost,window
0.9393779488452942,1.0,4,xgboost,window
0.9494661037993544,1.0,4,xgboost,window
0.9595852992301962,1.0,4,xgboost,window
0.9696734541842563,1.0,4,xgboost,window
0.979792649615098,1.0,4,xgboost,window
0.9898808045691582,1.0,4,xgboost,window
1.0,1.0,4,xgboost,window
0.0002948982601002654,0.008130081300813009,4,xgboost,firm
0.01032143910350929,0.11382113821138211,4,xgboost,firm
0.020347979946918313,0.17886178861788618,4,xgboost,firm
0.030374520790327337,0.24390243902439024,4,xgboost,firm
0.040401061633736364,0.2926829268292683,4,xgboost,firm
0.05072250073724565,0.3008130081300813,4,xgboost,firm
0.060749041580654674,0.34959349593495936,4,xgboost,firm
0.0707755824240637,0.36585365853658536,4,xgboost,firm
0.08080212326747273,0.4146341463414634,4,xgboost,firm
0.09112356237098201,0.43902439024390244,4,xgboost,firm
0.10115010321439104,0.44715447154471544,4,xgboost,firm
0.11117664405780006,0.4634146341463415,4,xgboost,firm
0.12120318490120909,0.4796747967479675,4,xgboost,firm
0.13152462400471837,0.5203252032520326,4,xgboost,firm
0.1415511648481274,0.5609756097560976,4,xgboost,firm
0.15157770569153642,0.5772357723577236,4,xgboost,firm
0.16160424653494546,0.6016260162601627,4,xgboost,firm
0.17192568563845473,0.6260162601626016,4,xgboost,firm
0.18195222648186377,0.6422764227642277,4,xgboost,firm
0.19197876732527278,0.6747967479674797,4,xgboost,firm
0.2020053081686818,0.6991869918699187,4,xgboost,firm
0.21232674727219109,0.7073170731707317,4,xgboost,firm
0.22235328811560012,0.7398373983739838,4,xgboost,firm
0.23237982895900913,0.7479674796747967,4,xgboost,firm
0.24240636980241817,0.7723577235772358,4,xgboost,firm
0.25272780890592744,0.7886178861788617,4,xgboost,firm
0.2627543497493365,0.7886178861788617,4,xgboost,firm
0.2727808905927455,0.7967479674796748,4,xgboost,firm
0.2828074314361545,0.8048780487804879,4,xgboost,firm
0.2931288705396638,0.8130081300813008,4,xgboost,firm
0.30315541138307284,0.8292682926829268,4,xgboost,firm
0.3131819522264819,0.8292682926829268,4,xgboost,firm
0.3232084930698909,0.8536585365853658,4,xgboost,firm
0.33352993217340016,0.8536585365853658,4,xgboost,firm
0.3435564730168092,0.8536585365853658,4,xgboost,firm
0.35358301386021823,0.8699186991869918,4,xgboost,firm
0.36360955470362727,0.8699186991869918,4,xgboost,firm
0.37363609554703625,0.8780487804878049,4,xgboost,firm
0.38395753465054555,0.8861788617886179,4,xgboost,firm
0.3939840754939546,0.8861788617886179,4,xgboost,firm
0.4040106163373636,0.8861788617886179,4,xgboost,firm
0.4140371571807726,0.8943089430894309,4,xgboost,firm
0.4243585962842819,0.8943089430894309,4,xgboost,firm
0.43438513712769095,0.8943089430894309,4,xgboost,firm
0.4444116779711,0.8943089430894309,4,xgboost,firm
0.454438218814509,0.8943089430894309,4,xgboost,firm
0.46475965791801827,0.9024390243902439,4,xgboost,firm
0.4747861987614273,0.9024390243902439,4,xgboost,firm
0.48481273960483634,0.9186991869918699,4,xgboost,firm
0.4948392804482454,0.9186991869918699,4,xgboost,firm
0.5051607195517547,0.926829268292683,4,xgboost,firm
0.5151872603951637,0.926829268292683,4,xgboost,firm
0.5252138012385726,0.9349593495934959,4,xgboost,firm
0.5352403420819817,0.9349593495934959,4,xgboost,firm
0.545561781185491,0.9349593495934959,4,xgboost,firm
0.5555883220289001,0.9349593495934959,4,xgboost,firm
0.565614862872309,0.9512195121951219,4,xgboost,firm
0.575641403715718,0.959349593495935,4,xgboost,firm
0.5859628428192274,0.959349593495935,4,xgboost,firm
0.5959893836626364,0.959349593495935,4,xgboost,firm
0.6060159245060455,0.959349593495935,4,xgboost,firm
0.6160424653494544,0.967479674796748,4,xgboost,firm
0.6263639044529637,0.967479674796748,4,xgboost,firm
0.6363904452963728,0.967479674796748,4,xgboost,firm
0.6464169861397818,0.975609756097561,4,xgboost,firm
0.6564435269831908,0.975609756097561,4,xgboost,firm
0.6667649660867001,0.983739837398374,4,xgboost,firm
0.6767915069301091,0.983739837398374,4,xgboost,firm
0.6868180477735182,0.983739837398374,4,xgboost,firm
0.6968445886169271,1.0,4,xgboost,firm
0.7068711294603361,1.0,4,xgboost,firm
0.7171925685638455,1.0,4,xgboost,firm
0.7272191094072545,1.0,4,xgboost,firm
0.7372456502506636,1.0,4,xgboost,firm
0.7472721910940725,1.0,4,xgboost,firm
0.7575936301975819,1.0,4,xgboost,firm
0.7676201710409909,1.0,4,xgboost,firm
0.7776467118843999,1.0,4,xgboost,firm
0.7876732527278089,1.0,4,xgboost,firm
0.7979946918313182,1.0,4,xgboost,firm
0.8080212326747273,1.0,4,xgboost,firm
0.8180477735181363,1.0,4,xgboost,firm
0.8280743143615452,1.0,4,xgboost,firm
0.8383957534650546,1.0,4,xgboost,firm
0.8484222943084636,1.0,4,xgboost,firm
0.8584488351518726,1.0,4,xgboost,firm
0.8684753759952816,1.0,4,xgboost,firm
0.8787968150987909,1.0,4,xgboost,firm
0.8888233559422,1.0,4,xgboost,firm
0.898849896785609,1.0,4,xgboost,firm
0.908876437629018,1.0,4,xgboost,firm
0.9191978767325273,1.0,4,xgboost,firm
0.9292244175759363,1.0,4,xgboost,firm
0.9392509584193454,1.0,4,xgboost,firm
0.9492774992627544,1.0,4,xgboost,firm
0.9595989383662636,1.0,4,xgboost,firm
0.9696254792096727,1.0,4,xgboost,firm
0.9796520200530817,1.0,4,xgboost,firm
0.9896785608964908,1.0,4,xgboost,firm
1.0,1.0,4,xgboost,firm
3.104047678172337e-05,0.0,4,transformer,window
0.010119195430841818,0.11294765840220386,4,transformer,window
0.02020735038490191,0.1652892561983471,4,transformer,window
0.03032654581574373,0.21763085399449036,4,transformer,window
0.04041470076980382,0.26170798898071623,4,transformer,window
0.05053389620064564,0.29201101928374656,4,transformer,window
0.06062205115470574,0.3305785123966942,4,transformer,window
0.07071020610876583,0.36363636363636365,4,transformer,window
0.08082940153960765,0.3884297520661157,4,transformer,window
0.09091755649366774,0.4132231404958678,4,transformer,window
0.10103675192450956,0.4462809917355372,4,transformer,window
0.11112490687856966,0.49586776859504134,4,transformer,window
0.12121306183262975,0.5289256198347108,4,transformer,window
0.13133225726347156,0.5482093663911846,4,transformer,window
0.14142041221753165,0.5785123966942148,4,transformer,window
0.1515396076483735,0.6005509641873278,4,transformer,window
0.16162776260243358,0.6225895316804407,4,transformer,window
0.17171591755649368,0.6446280991735537,4,transformer,window
0.18183511298733548,0.6639118457300276,4,transformer,window
0.19192326794139558,0.6804407713498623,4,transformer,window
0.20204246337223739,0.699724517906336,4,transformer,window
0.21213061832629748,0.71900826446281,4,transformer,window
0.22221877328035758,0.7465564738292011,4,transformer,window
0.2323379687111994,0.7713498622589532,4,transformer,window
0.2424261236652595,0.7878787878787878,4,transformer,window
0.25254531909610134,0.7988980716253443,4,transformer,window
0.2626334740501614,0.8071625344352618,4,transformer,window
0.2727216290042215,0.8099173553719008,4,transformer,window
0.2828408244350633,0.8347107438016529,4,transformer,window
0.29292897938912343,0.8457300275482094,4,transformer,window
0.3030481748199652,0.8622589531680441,4,transformer,window
0.31313632977402533,0.8787878787878788,4,transformer,window
0.3232244847280854,0.8898071625344353,4,transformer,window
0.33334368015892724,0.8980716253443526,4,transformer,window
0.34343183511298736,0.9090909090909091,4,transformer,window
0.35355103054382914,0.9228650137741047,4,transformer,window
0.36363918549788926,0.9256198347107438,4,transformer,window
0.37372734045194933,0.931129476584022,4,transformer,window
0.38384653588279116,0.9476584022038568,4,transformer,window
0.39393469083685123,0.953168044077135,4,transformer,window
0.40405388626769306,0.953168044077135,4,transformer,window
0.4141420412217532,0.953168044077135,4,transformer,window
0.42423019617581326,0.9559228650137741,4,transformer,window
0.4343493916066551,0.9586776859504132,4,transformer,window
0.44443754656071516,0.9586776859504132,4,transformer,window
0.454556741991557,0.9586776859504132,4,transformer,window
0.46464489694561706,0.9614325068870524,4,transformer,window
0.4747330518996772,0.9669421487603306,4,transformer,window
0.484852247330519,0.9669421487603306,4,transformer,window
0.4949404022845791,0.9669421487603306,4,transformer,window
0.5050595977154209,0.9696969696969697,4,transformer,window
0.515147752669481,0.9696969696969697,4,transformer,window
0.5252669481003228,0.9696969696969697,4,transformer,window
0.5353551030543829,0.9696969696969697,4,transformer,window
0.545443258008443,0.9696969696969697,4,transformer,window
0.5555624534392848,0.9724517906336089,4,transformer,window
0.5656506083933449,0.9724517906336089,4,transformer,window
0.5757698038241867,0.9724517906336089,4,transformer,window
0.5858579587782469,0.977961432506887,4,transformer,window
0.5959461137323069,0.977961432506887,4,transformer,window
0.6060653091631487,0.977961432506887,4,transformer,window
0.6161534641172088,0.977961432506887,4,transformer,window
0.6262726595480507,0.977961432506887,4,transformer,window
0.6363608145021108,0.977961432506887,4,transformer,window
0.6464489694561708,0.977961432506887,4,transformer,window
0.6565681648870126,0.9807162534435262,4,transformer,window
0.6666563198410728,0.9834710743801653,4,transformer,window
0.6767755152719146,0.9834710743801653,4,transformer,window
0.6868636702259747,0.9834710743801653,4,transformer,window
0.6969518251800347,0.9834710743801653,4,transformer,window
0.7070710206108766,0.9834710743801653,4,transformer,window
0.7171591755649367,0.9834710743801653,4,transformer,window
0.7272783709957785,0.9889807162534435,4,transformer,window
0.7373665259498385,0.9889807162534435,4,transformer,window
0.7474546809038987,0.9917355371900827,4,transformer,window
0.7575738763347405,0.9917355371900827,4,transformer,window
0.7676620312888006,0.9917355371900827,4,transformer,window
0.7777812267196424,0.9917355371900827,4,transformer,window
0.7878693816737025,0.9917355371900827,4,transformer,window
0.7979575366277626,0.9917355371900827,4,transformer,window
0.8080767320586044,0.9944903581267218,4,transformer,window
0.8181648870126645,1.0,4,transformer,window
0.8282840824435064,1.0,4,transformer,window
0.8383722373975664,1.0,4,transformer,window
0.8484603923516265,1.0,4,transformer,window
0.8585795877824683,1.0,4,transformer,window
0.8686677427365285,1.0,4,transformer,window
0.8787869381673703,1.0,4,transformer,window
0.8888750931214303,1.0,4,transformer,window
0.8989632480754904,1.0,4,transformer,window
0.9090824435063323,1.0,4,transformer,window
0.9191705984603924,1.0,4,transformer,window
0.9292897938912341,1.0,4,transformer,window
0.9393779488452942,1.0,4,transformer,window
0.9494661037993544,1.0,4,transformer,window
0.9595852992301962,1.0,4,transformer,window
0.9696734541842563,1.0,4,transformer,window
0.979792649615098,1.0,4,transformer,window
0.9898808045691582,1.0,4,transformer,window
1.0,1.0,4,transformer,window
0.0002948982601002654,0.0,4,transformer,firm
0.01032143910350929,0.08130081300813008,4,transformer,firm
0.020347979946918313,0.12195121951219512,4,transformer,firm
0.030374520790327337,0.13008130081300814,4,transformer,firm
0.040401061633736364,0.15447154471544716,4,transformer,firm
0.05072250073724565,0.17886178861788618,4,transformer,firm
0.060749041580654674,0.21951219512195122,4,transformer,firm
0.0707755824240637,0.24390243902439024,4,transformer,firm
0.08080212326747273,0.2764227642276423,4,transformer,firm
0.09112356237098201,0.3008130081300813,4,transformer,firm
0.10115010321439104,0.3089430894308943,4,transformer,firm
0.11117664405780006,0.3333333333333333,4,transformer,firm
0.12120318490120909,0.34146341463414637,4,transformer,firm
0.13152462400471837,0.35772357723577236,4,transformer,firm
0.1415511648481274,0.3902439024390244,4,transformer,firm
0.15157770569153642,0.3983739837398374,4,transformer,firm
0.16160424653494546,0.42276422764227645,4,transformer,firm
0.17192568563845473,0.45528455284552843,4,transformer,firm
0.18195222648186377,0.4715447154471545,4,transformer,firm
0.19197876732527278,0.4878048780487805,4,transformer,firm
0.2020053081686818,0.4878048780487805,4,transformer,firm
0.21232674727219109,0.4878048780487805,4,transformer,firm
0.22235328811560012,0.5040650406504065,4,transformer,firm
0.23237982895900913,0.5365853658536586,4,transformer,firm
0.24240636980241817,0.5528455284552846,4,transformer,firm
0.25272780890592744,0.5609756097560976,4,transformer,firm
0.2627543497493365,0.5853658536585366,4,transformer,firm
0.2727808905927455,0.6504065040650406,4,transformer,firm
0.2828074314361545,0.6666666666666666,4,transformer,firm
0.2931288705396638,0.6829268292682927,4,transformer,firm
0.30315541138307284,0.6910569105691057,4,transformer,firm
0.3131819522264819,0.7154471544715447,4,transformer,firm
0.3232084930698909,0.7154471544715447,4,transformer,firm
0.33352993217340016,0.7560975609756098,4,transformer,firm
0.3435564730168092,0.7560975609756098,4,transformer,firm
0.35358301386021823,0.7642276422764228,4,transformer,firm
0.36360955470362727,0.7642276422764228,4,transformer,firm
0.37363609554703625,0.7804878048780488,4,transformer,firm
0.38395753465054555,0.7886178861788617,4,transformer,firm
0.3939840754939546,0.7967479674796748,4,transformer,firm
0.4040106163373636,0.8211382113821138,4,transformer,firm
0.4140371571807726,0.8211382113821138,4,transformer,firm
0.4243585962842819,0.8455284552845529,4,transformer,firm
0.43438513712769095,0.8617886178861789,4,transformer,firm
0.4444116779711,0.8861788617886179,4,transformer,firm
0.454438218814509,0.8943089430894309,4,transformer,firm
0.46475965791801827,0.8943089430894309,4,transformer,firm
0.4747861987614273,0.8943089430894309,4,transformer,firm
0.48481273960483634,0.8943089430894309,4,transformer,firm
0.4948392804482454,0.9024390243902439,4,transformer,firm
0.5051607195517547,0.9105691056910569,4,transformer,firm
0.5151872603951637,0.9105691056910569,4,transformer,firm
0.5252138012385726,0.9186991869918699,4,transformer,firm
0.5352403420819817,0.926829268292683,4,transformer,firm
0.545561781185491,0.943089430894309,4,transformer,firm
0.5555883220289001,0.943089430894309,4,transformer,firm
0.565614862872309,0.959349593495935,4,transformer,firm
0.575641403715718,0.959349593495935,4,transformer,firm
0.5859628428192274,0.959349593495935,4,transformer,firm
0.5959893836626364,0.959349593495935,4,transformer,firm
0.6060159245060455,0.959349593495935,4,transformer,firm
0.6160424653494544,0.959349593495935,4,transformer,firm
0.6263639044529637,0.959349593495935,4,transformer,firm
0.6363904452963728,0.959349593495935,4,transformer,firm
0.6464169861397818,0.959349593495935,4,transformer,firm
0.6564435269831908,0.967479674796748,4,transformer,firm
0.6667649660867001,0.967479674796748,4,transformer,firm
0.6767915069301091,0.975609756097561,4,transformer,firm
0.6868180477735182,0.983739837398374,4,transformer,firm
0.6968445886169271,0.983739837398374,4,transformer,firm
0.7068711294603361,0.983739837398374,4,transformer,firm
0.7171925685638455,0.983739837398374,4,transformer,firm
0.7272191094072545,0.983739837398374,4,transformer,firm
0.7372456502506636,0.983739837398374,4,transformer,firm
0.7472721910940725,0.983739837398374,4,transformer,firm
0.7575936301975819,0.983739837398374,4,transformer,firm
0.7676201710409909,0.983739837398374,4,transformer,firm
0.7776467118843999,0.983739837398374,4,transformer,firm
0.7876732527278089,0.983739837398374,4,transformer,firm
0.7979946918313182,0.983739837398374,4,transformer,firm
0.8080212326747273,0.983739837398374,4,transformer,firm
0.8180477735181363,0.983739837398374,4,transformer,firm
0.8280743143615452,0.991869918699187,4,transformer,firm
0.8383957534650546,0.991869918699187,4,transformer,firm
0.8484222943084636,0.991869918699187,4,transformer,firm
0.8584488351518726,0.991869918699187,4,transformer,firm
0.8684753759952816,1.0,4,transformer,firm
0.8787968150987909,1.0,4,transformer,firm
0.8888233559422,1.0,4,transformer,firm
0.898849896785609,1.0,4,transformer,firm
0.908876437629018,1.0,4,transformer,firm
0.9191978767325273,1.0,4,transformer,firm
0.9292244175759363,1.0,4,transformer,firm
0.9392509584193454,1.0,4,transformer,firm
0.9492774992627544,1.0,4,transformer,firm
0.9595989383662636,1.0,4,transformer,firm
0.9696254792096727,1.0,4,transformer,firm
0.9796520200530817,1.0,4,transformer,firm
0.9896785608964908,1.0,4,transformer,firm
1.0,1.0,4,transformer,firm
3.104047678172337e-05,0.0,4,C_lstm,window
0.010119195430841818,0.15151515151515152,4,C_lstm,window
0.02020735038490191,0.256198347107438,4,C_lstm,window
0.03032654581574373,0.32231404958677684,4,C_lstm,window
0.04041470076980382,0.3746556473829201,4,C_lstm,window
0.05053389620064564,0.4297520661157025,4,C_lstm,window
0.06062205115470574,0.45454545454545453,4,C_lstm,window
0.07071020610876583,0.5013774104683195,4,C_lstm,window
0.08082940153960765,0.5344352617079889,4,C_lstm,window
0.09091755649366774,0.5537190082644629,4,C_lstm,window
0.10103675192450956,0.5867768595041323,4,C_lstm,window
0.11112490687856966,0.6170798898071626,4,C_lstm,window
0.12121306183262975,0.6473829201101928,4,C_lstm,window
0.13133225726347156,0.6694214876033058,4,C_lstm,window
0.14142041221753165,0.6942148760330579,4,C_lstm,window
0.1515396076483735,0.7245179063360881,4,C_lstm,window
0.16162776260243358,0.7410468319559229,4,C_lstm,window
0.17171591755649368,0.7575757575757576,4,C_lstm,window
0.18183511298733548,0.7658402203856749,4,C_lstm,window
0.19192326794139558,0.7823691460055097,4,C_lstm,window
0.20204246337223739,0.7988980716253443,4,C_lstm,window
0.21213061832629748,0.8099173553719008,4,C_lstm,window
0.22221877328035758,0.8209366391184573,4,C_lstm,window
0.2323379687111994,0.8292011019283747,4,C_lstm,window
0.2424261236652595,0.8347107438016529,4,C_lstm,window
0.25254531909610134,0.8457300275482094,4,C_lstm,window
0.2626334740501614,0.8539944903581267,4,C_lstm,window
0.2727216290042215,0.859504132231405,4,C_lstm,window
0.2828408244350633,0.8705234159779615,4,C_lstm,window
0.29292897938912343,0.8732782369146006,4,C_lstm,window
0.3030481748199652,0.8815426997245179,4,C_lstm,window
0.31313632977402533,0.8842975206611571,4,C_lstm,window
0.3232244847280854,0.9035812672176309,4,C_lstm,window
0.33334368015892724,0.9090909090909091,4,C_lstm,window
0.34343183511298736,0.9146005509641874,4,C_lstm,window
0.35355103054382914,0.9201101928374655,4,C_lstm,window
0.36363918549788926,0.9228650137741047,4,C_lstm,window
0.37372734045194933,0.928374655647383,4,C_lstm,window
0.38384653588279116,0.928374655647383,4,C_lstm,window
0.39393469083685123,0.928374655647383,4,C_lstm,window
0.40405388626769306,0.9393939393939394,4,C_lstm,window
0.4141420412217532,0.9449035812672176,4,C_lstm,window
0.42423019617581326,0.9476584022038568,4,C_lstm,window
0.4343493916066551,0.9476584022038568,4,C_lstm,window
0.44443754656071516,0.9476584022038568,4,C_lstm,window
0.454556741991557,0.9504132231404959,4,C_lstm,window
0.46464489694561706,0.953168044077135,4,C_lstm,window
0.4747330518996772,0.9586776859504132,4,C_lstm,window
0.484852247330519,0.9641873278236914,4,C_lstm,window
0.4949404022845791,0.9641873278236914,4,C_lstm,window
0.5050595977154209,0.9669421487603306,4,C_lstm,window
0.515147752669481,0.9669421487603306,4,C_lstm,window
0.5252669481003228,0.9696969696969697,4,C_lstm,window
0.5353551030543829,0.9696969696969697,4,C_lstm,window
0.545443258008443,0.9696969696969697,4,C_lstm,window
0.5555624534392848,0.9696969696969697,4,C_lstm,window
0.5656506083933449,0.9696969696969697,4,C_lstm,window
0.5757698038241867,0.9724517906336089,4,C_lstm,window
0.5858579587782469,0.9724517906336089,4,C_lstm,window
0.5959461137323069,0.9752066115702479,4,C_lstm,window
0.6060653091631487,0.9752066115702479,4,C_lstm,window
0.6161534641172088,0.9752066115702479,4,C_lstm,window
0.6262726595480507,0.9752066115702479,4,C_lstm,window
0.6363608145021108,0.9752066115702479,4,C_lstm,window
0.6464489694561708,0.9752066115702479,4,C_lstm,window
0.6565681648870126,0.9752066115702479,4,C_lstm,window
0.6666563198410728,0.9752066115702479,4,C_lstm,window
0.6767755152719146,0.9752066115702479,4,C_lstm,window
0.6868636702259747,0.9807162534435262,4,C_lstm,window
0.6969518251800347,0.9807162534435262,4,C_lstm,window
0.7070710206108766,0.9807162534435262,4,C_lstm,window
0.7171591755649367,0.9807162534435262,4,C_lstm,window
0.7272783709957785,0.9807162534435262,4,C_lstm,window
0.7373665259498385,0.9807162534435262,4,C_lstm,window
0.7474546809038987,0.9807162534435262,4,C_lstm,window
0.7575738763347405,0.9807162534435262,4,C_lstm,window
0.7676620312888006,0.9862258953168044,4,C_lstm,window
0.7777812267196424,0.9889807162534435,4,C_lstm,window
0.7878693816737025,0.9889807162534435,4,C_lstm,window
0.7979575366277626,0.9889807162534435,4,C_lstm,window
0.8080767320586044,0.9917355371900827,4,C_lstm,window
0.8181648870126645,0.9917355371900827,4,C_lstm,window
0.8282840824435064,0.9917355371900827,4,C_lstm,window
0.8383722373975664,0.9944903581267218,4,C_lstm,window
0.8484603923516265,0.9944903581267218,4,C_lstm,window
0.8585795877824683,0.9944903581267218,4,C_lstm,window
0.8686677427365285,0.9944903581267218,4,C_lstm,window
0.8787869381673703,0.9944903581267218,4,C_lstm,window
0.8888750931214303,0.9972451790633609,4,C_lstm,window
0.8989632480754904,0.9972451790633609,4,C_lstm,window
0.9090824435063323,1.0,4,C_lstm,window
0.9191705984603924,1.0,4,C_lstm,window
0.9292897938912341,1.0,4,C_lstm,window
0.9393779488452942,1.0,4,C_lstm,window
0.9494661037993544,1.0,4,C_lstm,window
0.9595852992301962,1.0,4,C_lstm,window
0.9696734541842563,1.0,4,C_lstm,window
0.979792649615098,1.0,4,C_lstm,window
0.9898808045691582,1.0,4,C_lstm,window
1.0,1.0,4,C_lstm,window
0.0002948982601002654,0.0,4,C_lstm,firm
0.01032143910350929,0.11382113821138211,4,C_lstm,firm
0.020347979946918313,0.18699186991869918,4,C_lstm,firm
0.030374520790327337,0.21951219512195122,4,C_lstm,firm
0.040401061633736364,0.2601626016260163,4,C_lstm,firm
0.05072250073724565,0.3089430894308943,4,C_lstm,firm
0.060749041580654674,0.3333333333333333,4,C_lstm,firm
0.0707755824240637,0.42276422764227645,4,C_lstm,firm
0.08080212326747273,0.45528455284552843,4,C_lstm,firm
0.09112356237098201,0.4715447154471545,4,C_lstm,firm
0.10115010321439104,0.4959349593495935,4,C_lstm,firm
0.11117664405780006,0.5203252032520326,4,C_lstm,firm
0.12120318490120909,0.5609756097560976,4,C_lstm,firm
0.13152462400471837,0.5609756097560976,4,C_lstm,firm
0.1415511648481274,0.6097560975609756,4,C_lstm,firm
0.15157770569153642,0.6341463414634146,4,C_lstm,firm
0.16160424653494546,0.6666666666666666,4,C_lstm,firm
0.17192568563845473,0.6829268292682927,4,C_lstm,firm
0.18195222648186377,0.6910569105691057,4,C_lstm,firm
0.19197876732527278,0.6910569105691057,4,C_lstm,firm
0.2020053081686818,0.6991869918699187,4,C_lstm,firm
0.21232674727219109,0.7154471544715447,4,C_lstm,firm
0.22235328811560012,0.7317073170731707,4,C_lstm,firm
0.23237982895900913,0.7479674796747967,4,C_lstm,firm
0.24240636980241817,0.7560975609756098,4,C_lstm,firm
0.25272780890592744,0.7804878048780488,4,C_lstm,firm
0.2627543497493365,0.7886178861788617,4,C_lstm,firm
0.2727808905927455,0.7967479674796748,4,C_lstm,firm
0.2828074314361545,0.8130081300813008,4,C_lstm,firm
0.2931288705396638,0.8292682926829268,4,C_lstm,firm
0.30315541138307284,0.8373983739837398,4,C_lstm,firm
0.3131819522264819,0.8536585365853658,4,C_lstm,firm
0.3232084930698909,0.8617886178861789,4,C_lstm,firm
0.33352993217340016,0.8780487804878049,4,C_lstm,firm
0.3435564730168092,0.8780487804878049,4,C_lstm,firm
0.35358301386021823,0.8780487804878049,4,C_lstm,firm
0.36360955470362727,0.8943089430894309,4,C_lstm,firm
0.37363609554703625,0.8943089430894309,4,C_lstm,firm
0.38395753465054555,0.9024390243902439,4,C_lstm,firm
0.3939840754939546,0.9105691056910569,4,C_lstm,firm
0.4040106163373636,0.9186991869918699,4,C_lstm,firm
0.4140371571807726,0.926829268292683,4,C_lstm,firm
0.4243585962842819,0.926829268292683,4,C_lstm,firm
0.43438513712769095,0.926829268292683,4,C_lstm,firm
0.4444116779711,0.926829268292683,4,C_lstm,firm
0.454438218814509,0.9512195121951219,4,C_lstm,firm
0.46475965791801827,0.9512195121951219,4,C_lstm,firm
0.4747861987614273,0.959349593495935,4,C_lstm,firm
0.48481273960483634,0.959349593495935,4,C_lstm,firm
0.4948392804482454,0.959349593495935,4,C_lstm,firm
0.5051607195517547,0.959349593495935,4,C_lstm,firm
0.5151872603951637,0.967479674796748,4,C_lstm,firm
0.5252138012385726,0.967479674796748,4,C_lstm,firm
0.5352403420819817,0.967479674796748,4,C_lstm,firm
0.545561781185491,0.967479674796748,4,C_lstm,firm
0.5555883220289001,0.967479674796748,4,C_lstm,firm
0.565614862872309,0.967479674796748,4,C_lstm,firm
0.575641403715718,0.967479674796748,4,C_lstm,firm
0.5859628428192274,0.975609756097561,4,C_lstm,firm
0.5959893836626364,0.975609756097561,4,C_lstm,firm
0.6060159245060455,0.975609756097561,4,C_lstm,firm
0.6160424653494544,0.975609756097561,4,C_lstm,firm
0.6263639044529637,0.975609756097561,4,C_lstm,firm
0.6363904452963728,0.975609756097561,4,C_lstm,firm
0.6464169861397818,0.975609756097561,4,C_lstm,firm
0.6564435269831908,0.975609756097561,4,C_lstm,firm
0.6667649660867001,0.975609756097561,4,C_lstm,firm
0.6767915069301091,0.983739837398374,4,C_lstm,firm
0.6868180477735182,0.983739837398374,4,C_lstm,firm
0.6968445886169271,0.983739837398374,4,C_lstm,firm
0.7068711294603361,0.991869918699187,4,C_lstm,firm
0.7171925685638455,0.991869918699187,4,C_lstm,firm
0.7272191094072545,0.991869918699187,4,C_lstm,firm
0.7372456502506636,0.991869918699187,4,C_lstm,firm
0.7472721910940725,0.991869918699187,4,C_lstm,firm
0.7575936301975819,0.991869918699187,4,C_lstm,firm
0.7676201710409909,0.991869918699187,4,C_lstm,firm
0.7776467118843999,0.991869918699187,4,C_lstm,firm
0.7876732527278089,0.991869918699187,4,C_lstm,firm
0.7979946918313182,0.991869918699187,4,C_lstm,firm
0.8080212326747273,0.991869918699187,4,C_lstm,firm
0.8180477735181363,0.991869918699187,4,C_lstm,firm
0.8280743143615452,0.991869918699187,4,C_lstm,firm
0.8383957534650546,0.991869918699187,4,C_lstm,firm
0.8484222943084636,0.991869918699187,4,C_lstm,firm
0.8584488351518726,0.991869918699187,4,C_lstm,firm
0.8684753759952816,0.991869918699187,4,C_lstm,firm
0.8787968150987909,1.0,4,C_lstm,firm
0.8888233559422,1.0,4,C_lstm,firm
0.898849896785609,1.0,4,C_lstm,firm
0.908876437629018,1.0,4,C_lstm,firm
0.9191978767325273,1.0,4,C_lstm,firm
0.9292244175759363,1.0,4,C_lstm,firm
0.9392509584193454,1.0,4,C_lstm,firm
0.9492774992627544,1.0,4,C_lstm,firm
0.9595989383662636,1.0,4,C_lstm,firm
0.9696254792096727,1.0,4,C_lstm,firm
0.9796520200530817,1.0,4,C_lstm,firm
0.9896785608964908,1.0,4,C_lstm,firm
1.0,1.0,4,C_lstm,firm
